ID;LITERAL;CIE9;CIE10;SNOMED
74004;SINDROME DE LA ARTERIA CAROTIDA;435.8;G45.1;195200006
24151;SINDROME HEMISFERICO DE LA ARTERIA CAROTIDA;435.8;G45.1;195200006
134676;ACCIDENTE CEREBROVASCULAR DEBIDO A OCLUSIÓN DE ARTERIA CEREBRAL POSTERIOR IZQUIERDA;434.9;G45.8;16000351000119100
5165;OTRAS ISQUEMIAS CEREBRALES TRANSITORIAS ESPECIFICADAS;435.8;G45.8;266257000
134662;ACCIDENTE CEREBROVASCULAR DEBIDO A OCLUSIÓN DE ARTERIA CEREBRAL MEDIA DERECHA POR ÉMBOLO;434.9;G45.8;329361000119107
134666;ACCIDENTE CEREBROVASCULAR DEBIDO A OCLUSIÓN DE ARTERIA CEREBRAL POSTERIOR DERECHA;434.9;G45.8;16000391000119100
47258;ACCIDENTE ISQUEMICO TRANSITORIO DEL TERRITORIO VERTEBROBASILAR;435.8;G45.8;230717002
134667;ACCIDENTE CEREBROVASCULAR DEBIDO A OCLUSIÓN DE ARTERIA CEREBRAL POSTERIOR DERECHA POR ÉMBOLO;434.9;G45.8;329421000119107
134664;ACCIDENTE CEREBROVASCULAR DEBIDO A OCLUSIÓN DE ARTERIA CEREBRAL MEDIA IZQUIERDA;434.9;G45.8;16000511000119100
134639;ACCIDENTE CEREBROVASCULAR DEBIDO A ESTENOSIS BILATERAL DE ARTERIAS CARÓTIDAS;434.9;G45.8;16661971000119100
134644;ACCIDENTE CEREBROVASCULAR DEBIDO A ESTENOSIS DE ARTERIA CARÓTIDA DERECHA;434.9;G45.8;16026951000119100
134646;ACCIDENTE CEREBROVASCULAR DEBIDO A ESTENOSIS DE ARTERIA CARÓTIDA IZQUIERDA;434.9;G45.8;16026991000119100
134647;ACCIDENTE CEREBROVASCULAR DEBIDO A ESTENOSIS DE ARTERIA VERTEBRAL DERECHA;434.9;G45.8;292661000119105
134649;ACCIDENTE CEREBROVASCULAR DEBIDO A ESTENOSIS DE ARTERIA VERTEBRAL IZQUIERDA;434.9;G45.8;292671000119104
134650;ACCIDENTE CEREBROVASCULAR DEBIDO A OCLUSIÓN DE ARTERIA CARÓTIDA DERECHA;434.9;G45.8;16023911000119100
134653;ACCIDENTE CEREBROVASCULAR DEBIDO A OCLUSIÓN DE ARTERIA CARÓTIDA IZQUIERDA;434.9;G45.8;16024111000119100
134656;ACCIDENTE CEREBROVASCULAR DEBIDO A OCLUSIÓN DE ARTERIA CEREBELOSA DERECHA;434.9;G45.8;16024271000119100
134657;ACCIDENTE CEREBROVASCULAR DEBIDO A OCLUSIÓN DE ARTERIA CEREBELOSA DERECHA POR ÉMBOLO;434.9;G45.8;329451000119104
134898;ACCIDENTE CEREBROVASCULAR DEBIDO A OCLUSIÓN DE ARTERIA CEREBELOSA IZQUIERDA;434.9;G45.8;16024151000119100
134899;ACCIDENTE CEREBROVASCULAR DEBIDO A OCLUSIÓN DE ARTERIA CEREBELOSA IZQUIERDA POR ÉMBOLO;434.9;G45.8;329461000119102
134661;ACCIDENTE CEREBROVASCULAR DEBIDO A OCLUSIÓN DE ARTERIA CEREBRAL MEDIA DERECHA;434.9;G45.8;16000431000119100
134665;ACCIDENTE CEREBROVASCULAR DEBIDO A OCLUSIÓN DE ARTERIA CEREBRAL MEDIA IZQUIERDA POR ÉMBOLO;434.9;G45.8;329371000119101
134205;ACCIDENTE CEREBROVASCULAR DEBIDO A OCLUSIÓN DE ARTERIA PONTINA IZQUIERDA;434.9;G45.8;16023991000119100
46080;ACCIDENTE ISQUEMICO TRANSITORIO DE LA CIRCULACION POSTERIOR;435.8;G45.8;230717002
134961;ACCIDENTE CEREBROVASCULAR DEBIDO A OCLUSIÓN DE ARTERIA VERTEBRAL DERECHA;434.9;G45.8;292681000119101
140182;ACCIDENTE ISQUEMICO TRANSITORIO DEL TERRITORIO CAROTIDEO;435.8;G45.8;230716006
24570;ACCIDENTE ISQUEMICO TRANSITORIO DE LA CIRCULACION ANTERIOR;435.8;G45.8;230716006
134946;ACCIDENTE CEREBROVASCULAR DEBIDO A OCLUSIÓN DE ARTERIA CEREBRAL POSTERIOR IZQUIERDA POR ÉMBOLO;434.9;G45.8;329431000119105
134194;ACCIDENTE CEREBROVASCULAR DEBIDO A OCLUSIÓN DE ARTERIA PONTINA DERECHA;434.9;G45.8;16024031000119100
134218;ACCIDENTE CEREBROVASCULAR DEBIDO A TROMBO DE ARTERIA CEREBRAL MEDIA DERECHA;434.00;G45.8;16002031000119100
134219;ACCIDENTE CEREBROVASCULAR DEBIDO A TROMBO DE ARTERIA CEREBRAL MEDIA IZQUIERDA;434.00;G45.8;16002111000119100
134974;ACCIDENTE CEREBROVASCULAR DEBIDO A OCLUSIÓN DE ARTERIA VERTEBRAL IZQUIERDA;434.9;G45.8;292691000119103
134975;ACCIDENTE CEREBROVASCULAR DEBIDO A TROMBO DE ARTERIA CARÓTIDA DERECHA;434.00;G45.8;329651000119102
134976;ACCIDENTE CEREBROVASCULAR DEBIDO A TROMBO DE ARTERIA CARÓTIDA IZQUIERDA;434.00;G45.8;330791000119108
16711;ATAQUE ISQUEMICO TRANSITORIO     ( AIT );435.9;G45.9;266257000
5160;ISQUEMIA CEREBRAL TRANSITORIA;435;G45.9;266257000
22911;AIT     ( ICTUS )   ( ACV);435.9;G45.9;266257000
5166;ISQUEMIA CEREBRAL TRANSITORIA NO ESPECIFICADA;435.9;G45.9;266257000
15310;ISQUEMIA CEREBRAL TRANSITORIA     ( AIT )     ( ICTUS )   ( ACV);435;G45.9;266257000
169592;ACCIDENTE CEREBROVASCULAR EN CURSO;435.9;G45.9;57981008
21241;ACCIDENTE CEREBROVASCULAR INMINENTE;435.9;G45.9;286742002
189657;ATAQUE ISQUEMICO TRANSITORIO;435.9;G45.9;266257000
147170;DISFUNCION VASCULAR CEREBRAL TEMPORAL;435.9;G45.9;266257000
116255;ATAQUE ISQUEMICO TRANSITORIO DEBIDO A EMBOLIA;435.9;G45.9;710575003
15475;ACCIDENTE ISQUEMICO TRANSITORIO     ( AIT );435.9;G45.9;266257000
15312;ICT;435;G45.9;266257000
16712;ACCIDENTE ISQUEMICO TRANSITORIO     ( AIT )     ( ICTUS )   ( ACV);435.9;G45.9;266257000
147169;ACCIDENTE ISQUEMICO TRANSITORIO;435.9;G45.9;266257000
98337;MIOPATIA JUVENIL, ENCEFALOPATIA, ACIDOSIS LACTICA Y ACCIDENTE CEREBROVASCULAR   ( MELAS );356.8;G60.8;39925003
193554;MIOPATIA JUVENIL, ENCEFALOPATIA, ACIDOSIS LACTICA Y ACV   ( MELAS );277.87;G60.8;39925003
102485;SINDROME PARALITICO DE AMBOS MIEMBROS INFERIORES COMO SECUELA DE ACCIDENTE CEREBROVASCULAR;344.1;G82.20;102831000119104
4903;ENFERMEDAD CARDIACA HIPERTENSIVA CON INSUFICIENCIA CARDIACA CONGESTIVA;402.91;I11.0;5148006
4900;ENFERMEDAD CARDIACA HIPERTENSIVA BENIGNA CON INSUFICIENCIA CARDIACO CONGESTIVO;402.11;I11.0;5148006
4897;CARDIOPATIA HIPERTENSIVA MALIGNA CON INSUFICIENCIA CARDIACA CONGESTIVA;402.01;I11.0;83105008
115604;CARDIOPATIA HIPERTENSIVA BENIGNA CON INSUFICIENCIA CARDIACA CONGESTIVA;402.11;I11.0;77737007
103292;CARDIOPATIA CON HIPERTENSION BENIGNA E INSUFICIENCIA CARDIACA CONGESTIVA;402.11;I11.0;194767001
114941;CARDIOPATIA HIPERTENSIVA CON INSUFICIENCIA CARDIACA CONGESTIVA;402.91;I11.0;5148006
56920;INSUFICIENCIA CARDIACA HIPERTENSIVA;402.91;I11.0;46113002
16655;CARDIOPATIA HIPERTENSIVA CON HIPERTROFIA VENTRICULAR IZQUIERDA;402.90;I11.0;64715009:47429007=55827005
4919;CARDIOPATIA Y NEFROPATIA HIPERTENSIVAS CON INSUFICIENCIA CARDIACA ( CONGESTIVA );402.01;I11.0;194779001
130801;CARDIOPATIA BENIGNA CON HIPERTENSION SIN INSUFICIENCIA CARDIACA CONGESTIVA;402.90;I11.9;194766005
30038;CARDIOPATIA HIPERTENSIVA;402.90;I11.9;64715009
4898;CARDIOPATIA HIPERTENSIVA BENIGNA;402.10;I11.9;36221001
4895;CARDIOPATIA HIPERTENSIVA MALIGNA     ( HTA );402.00;I11.9;54225002
4899;CARDIOPATIA HIPERTENSIVA BENIGNA SIN INSUFICIENCIA CARDIACA CONGESTIVA;402.10;I11.9;77970009
4896;CARDIOPATIA HIPERTENSIVA MALIGNA SIN INSUFICIENCIA CARDIACA CONGESTIVA     ( HTA );402.00;I11.9;36315003
170221;CARDIOPATIA HIPERTENSIVA SIN INSUFICIENCIA CARDIACA CONGESTIVA;402.90;I11.9;60899001
102329;CARDIOPATIA HIPERTENSIVA Y ENFERMEDAD RENAL CRONICA CON INSUFICIENCIA CARDIACA CONGESTIVA;404.91;I13.0;15781000119107
4917;CARDIOPATIA Y NEFROPATIA HIPERTENSIVAS MALIGNA CON INSUFICIENCIA CARDIACA CONGESTIVA;404.01;I13.0;194779001
4922;CARDIOPATIA Y NEFROPATIA HIPERTENSIVAS BENIGNA CON INSUFICIENCIA CARDIACA CONGESTIVA;404.11;I13.0;194779001
4927;CARDIOPATIA Y NEFROPATIA HIPERTENSIVAS CON INSUFICIENCIA CARDIACA (CONGESTIVA);404.91;I13.0;194779001
115840;CARDIOPATIA HIPERTENSIVA Y ENFERMEDAD RENAL CRONICA, ESTADIO 4;404.90;I13.10;96721000119103
4921;CARDIOPATIA HIPERTENSIVA BENIGNA Y NEFROPATIA HIPERTENSIVA BENIGNA;404.10;I13.10;66052004
4915;CARDIOPATIA Y NEFROPATIA HIPERTENSIVAS MALIGNAS;404.00;I13.10;66610008
115843;CARDIOPATIA HIPERTENSIVA Y ENFERMEDAD RENAL CRONICA, ESTADIO1;404.90;I13.10;96751000119106
4920;CARDIOPATIA Y NEFROPATIA HIPERTENSIVAS BENIGNAS;404.10;I13.10;66052004
115841;CARDIOPATIA Y ENFERMEDAD RENAL CRONICA POR HIPERTENSION, ESTADIO 3;404.90;I13.10;96731000119100
42293;CARDIOPATIA HIPERTENSIVA Y NEFROPATIA HIPERTENSIVA;404.90;I13.10;86234004
4926;CARDIOPATIA Y NEFROPATIA HIPERTENSIVAS;404.90;I13.10;86234004
4916;CARDIOPATIA HIPERTENSIVA MALIGNA Y NEFROPATIA HIPERTENSIVA MALIGNA;404.00;I13.10;66610008
115842;CARDIOPATIA Y ENFERMEDAD RENAL CRONICA POR HIPERTENSION, ESTADIO 2;404.90;I13.10;96741000119109
115961;CARDIOPATIA HIPERTENSIVA Y ENFERMEDAD RENAL CRONICA;404.90;I13.10;8501000119104
4918;CARDIOPATIA Y NEFROPATIA HIPERTENSIVAS MALIGNA CON INSUFICIENCIA RENAL;404.02;I13.11;194780003
4923;CARDIOPATIA Y NEFROPATIA HIPERTENSIVAS BENIGNA CON INSUFICIENCIA RENAL;404.12;I13.11;194780003
4928;CARDIOPATIA Y NEFROPATIA HIPERTENSIVAS CON INSUFICIENCIA RENAL;404.92;I13.11;194780003
115839;CARDIOPATIA HIPERTENSIVA Y ENFERMEDAD RENAL CRONICA, ESTADIO 5;404.92;I13.11;96711000119105
115838;CARDIOPATIA HIPERTENSIVA Y ENFERMEDAD RENAL CRONICA EN DIALISIS;404.92;I13.11;96701000119107
4924;CARDIOPATIA Y NEFROPATIA HIPERTENSIVAS CON INSUFICIENCIA CARDIACA (CONGESTIVA) E INSUFICIENCIA RENAL;404.13;I13.2;194781004
4929;CARDIOPATIA Y NEFROPATIA HIPERTENSIVAS CON INSUFICIENCIA CARDIACA CONGESTIVA E INSUFICIENCIA RENAL;404.93;I13.2;194781004
15483;SINDROME PREINFARTO;411.1;I20.0;4557003
140592;NUEVO INICIO DE ANGINA DE PECHO;411.1;I20.0;233821000
100197;SINDROME CORONARIO AGUDO SIN ELEVACION DEL SEGMENTO S-T;411.1;I20.0;33511000122101
4983;SINDROME CORONARIO INTERMEDIO;411.1;I20.0;4557003
23407;SINDROME CORONARIO AGUDO CON ELEVACION DEL SEGMENTO ST   ( SCACEST );411.1;I20.0;33521000122107
100320;SINDROME CORONARIO AGUDO CON ELEVACION DEL SEGMENTO S-T;411.1;I20.0;33521000122107
54990;INFARTO INMINENTE;411.1;I20.0;25106000
56785;SINDROME CORONARIO AGUDO SIN ELEVACION DEL SEGMENTO S-T   ( SCASEST );411.1;I20.0;33511000122101
16660;ANGINA INESTABLE;411.1;I20.0;4557003
24124;ANGINA DE PECHO PROGRESIVA;411.1;I20.0;371806006
24093;ANGINA DE PECHO, NUEVO INICIO;411.1;I20.0;233821000
24123;ANGINA DE PECHO VARIANTE;413.1;I20.1;87343002
73967;SINDROME ANGINOSO;413.9;I20.8;194828000
16665;ANGOR DE ESFUERZO;413.9;I20.8;300995000
4991;OTRA ANGINA DE PECHO Y ANGINA DE PECHO NO ESPECIFICADA;413.9;I20.8;233819005
18901;ESPASMO ARTERIAL CORONARIO;413.9;I20.8;23687008
20282;SINDROME CARDIACO X;413.9;I20.8;233845001
58518;ANGINA POSINFARTO;413.9;I20.8;314116003
73895;SINCOPE ANGINOSO;413.9;I20.8;21470009
45637;ESTADO ANGINOSO;413.9;I20.8;19057007
15482;ANGOR ESTABLE;413.9;I20.8;233819005
45923;ANGOR;413.9;I20.8;194828000
15297;ESTENOCARDIA;413.9;I20.8;194828000
95965;ANGINA DE PECHO, CLASE II;413.9;I20.8;41334000
46120;ARTERIOESPASMO CORONARIO;413.9;I20.8;23687008
16666;ANGOR PECTORIS;413.9;I20.8;194828000
95980;ANGINA DE PECHO, CLASE IV;413.9;I20.8;89323001
117680;ANGINA DE PECHO DE REPOSO;413.0;I20.8;59021001
22711;ANGINA TIPICA;413.9;I20.8;429559004
19404;ANGINA ESTABLE;413.9;I20.8;233819005
24099;ANGINA INDUCIDA POR EL EJERCICIO;413.9;I20.8;300995000
95971;ANGINA DE PECHO, CLASE I;413.9;I20.8;61490001
24121;ANGINA DE PECHO EN DECUBITO;413.0;I20.8;35928006
4989;ANGINA DE PECHO NOCTURNA;413.0;I20.8;35928006
95977;ANGINA DE PECHO, CLASE III;413.9;I20.8;85284003
74716;ANGINA DE PECHO ATIPICA;413.9;I20.9;371807002
187681;ANGINA DE PECHO;413;I20.9;194828000
16663;ANGINA DE ESFUERZO;413.9;I20.9;300995000
16664;ANGINA DE PECHO - NEOM;413.9;I20.9;194828000
157961;ESTADO DE ANGINA DE PECHO RECURRENTE LUEGO DE COLOCACION DE TUTOR ENDOLUMINAL CORONARIO;413.9;I20.9;371809004
19402;ANGINA DE PECHO ESTABLE;413.9;I20.9;233819005
4988;ANGINA DE PECHO;413.9;I20.9;194828000
111100;ESTADO DE ANGINA DE PECHO RECURRENTE, DESPUES DE INJERTO-PUENTE CORONARIO;413.9;I20.9;371810009
111101;ESTADO DE ANGINA DE PECHO RECURRENTE DESPUES DE COLOCACION DE STENT CORONARIO;413.9;I20.9;371809004
111134;ANGINA DE PECHO RECURRENTE, DESPUES DE INJERTO-PUENTE CORONARIO;413.9;I20.9;371810009
72713;ANGINA DE PECHO REFRACTARIA;413.9;I20.9;315025001
111136;ESTADO DE ANGINA DE PECHO RECURRENTE, DESPUES DE BYPASS CORONARIO;413.9;I20.9;371810009
157962;ESTADO DE ANGINA DE PECHO RECURRENTE, LUEGO DE ATERECTOMIA ROTATORIA;413.9;I20.9;371811008
16662;ANGINA CARDIACA DE ESFUERZO;413.9;I20.9;300995000
22255;ESTADO DE ANGINA DE PECHO RECURRENTE, DESPUES DE ANGIOPLASTIA CORONARIA TRANSLUMINAL PERCUTANEA;413.9;I20.9;371808007
24083;ANGINA;413.9;I20.9;194828000
15296;ANGINA CARDIACA DE ESFUEZO;413.9;I20.9;300995000
37473;INFARTO AGUDO NO Q - ANTEROSEPTAL;410.10;I21.09;233826005
112462;INFARTO MIOCARDICO TRANSMURAL DE PARED ANTERIOR, POSQUIRURGICO;410.10;I21.09;311792005
140174;INFARTO POR ACCIDENTE CEREBROVASCULAR DE LA CIRCULACION CEREBRAL ANTERIOR;410.10;I21.09;230694003
172949;INFARTO AGUDO DE PARED ANTERIOR DE MIOCARDIO CON ELEVACION DEL SEGMENTO ST, CON COMPROMISO DE VENTRICULO DERECHO;410.10;I21.09;703165004
54997;IAM ANTEROAPICAL;410.10;I21.09;52035003
54996;IAM ANTEROSEPTAL;410.10;I21.09;62695002
15488;IAM DE PARED ANTERIOR;410.10;I21.09;54329005
15489;IAM DE PARED ANTEROLATERAL;410.00;I21.09;70211005
4941;INFARTO AGUDO DE MIOCARDIO DE PARED ANTEROLATERAL         ( IAM );410.00;I21.09;70211005
54999;INFARTO AGUDO DE MIOCARDIO ANTEROAPICAL         ( IAM );410.10;I21.09;52035003
54964;INFARTO AGUDO DE MIOCARDIO ANTEROSEPTAL         ( IAM );410.10;I21.09;62695002
150301;INFARTO AGUDO DE MIOCARDIO CON ELEVACION DE SEGMENTO ST QUE AFECTA A ARTERIA CORONARIA DESCENDENTE ANTERIOR IZQUIERDA;410.10;I21.09;285981000119103
150306;INFARTO AGUDO DE MIOCARDIO CON ELEVACION DE SEGMENTO ST QUE AFECTA A ARTERIA CORONARIA IZQUIERDA PRINCIPAL;410.10;I21.09;285991000119100
4945;INFARTO AGUDO DE MIOCARDIO DE PARED ANTERIOR         ( IAM );410.10;I21.09;54329005
172948;INFARTO AGUDO DE PARED ANTERIOR DE MIOCARDIO CON ELEVACION DEL SEGMENTO ST;410.10;I21.09;703164000
4943;INFARTO AGUDO MIOCARDIO DE PARED ANTEROLATERAL EPISODIO DE ATENCION INICIAL;410.01;I21.09;70211005
95982;INFARTO AGUDO DE PARED ANTERIOR DE MIOCARDIO CON COMPROMISO DE VENTRICULO DERECHO;410.10;I21.09;703252002
4947;INFARTO AGUDO MIOCARDIO DE OTRA PARED ANTEROLATERAL EPISODIO ATENCION INICIAL;410.11;I21.09;70211005
4944;INFARTO AGUDO MIOCARDIO DE PARED ANTEROLATERAL EPISODIO DE ATENCION SUBSIGUIENTE;410.02;I21.09;70211005
126264;INFARTO AGUDO DE PARED ANTEROLATERAL DE MIOCARDIO CON ELEVACION DEL SEGMENTO ST;410.00;I21.09;15712881000119100
126266;INFARTO AGUDO DE PARED ANTEROSEPTAL DE MIOCARDIO CON ELEVACION DEL SEGMENTO ST;410.10;I21.09;15712961000119100
4942;INFARTO AGUDO MIOCARDIO DE PARED ANTEROLATERAL EPISODIO ATENCION NO ESPECIFICADO;410.00;I21.09;70211005
54998;INFARTO AGUDO NO Q - ANTEROLATERAL;410.00;I21.09;233828006
4948;INFARTO AGUDO MIOCARDIO DE OTRA PARED ANTEROLATERAL EPIS ATENCION SUBSIGUIENTE;410.12;I21.09;70211005
4946;INFARTO AGUDO MIOCARDIO DE OTRA PARED ANTEROLATERAL EPISODIO ATENCION ESPECIFICA;410.10;I21.09;70211005
55016;IAM DE PARED INFEROPOSTERIOR;410.30;I21.11;76593002
4953;INFARTO AGUDO DE MIOCARDIO DE PARED INFEROPOSTERIOR         ( IAM );410.30;I21.11;76593002
4956;INFARTO AGUDO MIOCARDIO DE PARED INFEROPOSTERIOR EPISODIO ATENCION SUBSIGUIENTE;410.32;I21.11;76593002
4955;INFARTO AGUDO MIOCARDIO DE PARED INFEROPOSTERIOR EPISODIO ATENCION INICIAL;410.31;I21.11;76593002
4954;INFARTO AGUDO MIOCARDIO DE PARED INFEROPOSTERIOR EPISODIO ATENCION NO ESPECIFICA;410.30;I21.11;76593002
55015;INFARTO AGUDO NO Q - INFERIOR;410.40;I21.19;233830008
38799;INFARTO AGUDO NO Q - INFEROLATERAL;410.20;I21.19;233832000
55010;IAM DE PARED INFEROLATERAL;410.20;I21.19;65547006
4960;INFARTO AGUDO MIOCARDIO DE OTRA PARED INFERIOR EPISODIO ATENCION SUBSIGUIENTE;410.42;I21.19;54329005
4950;INFARTO AGUDO MIOCARDIO DE PARED INFEROLATERAL EPISODIO ATENCION NO ESPECIFICADO;410.20;I21.19;65547006
4949;INFARTO AGUDO DE MIOCARDIO DE PARED INFEROLATERAL         ( IAM );410.20;I21.19;65547006
4952;INFARTO AGUDO MIOCARDIO DE PARED INFEROLATERAL EPISODIO ATENCION SUBSIGUIENTE;410.22;I21.19;65547006
172975;INFARTO AGUDO DE PARED INFERIOR DE MIOCARDIO CON ELEVACION DEL SEGMENTO ST;410.40;I21.19;703213009
4959;INFARTO AGUDO MIOCARDIO DE OTRA PARED INFERIOR EPISODIO DE ATENCION INICIAL;410.41;I21.19;54329005
4951;INFARTO AGUDO MIOCARDIO DE PARED INFEROLATERAL EPISODIO DE ATENCION INICIAL;410.21;I21.19;65547006
90406;INFARTO AGUDO DE PARED INFERIOR DE MIOCARDIO CON COMPROMISO DE VENTRICULO DERECHO;410.40;I21.19;703251009
4958;INFARTO AGUDO MIOCARDIO DE OTRA PARED INFERIOR EPISODIO ATENCION NO ESPECIFICADO;410.40;I21.19;73795002
55009;IAM DE PARED DIAFRAGMATICA;410.40;I21.19;73795002
15490;IAM DE PARED INFERIOR;410.40;I21.19;73795002
172984;INFARTO AGUDO DE PARED INFERIOR DE MIOCARDIO CON ELEVACION DEL SEGMENTO ST Y COMPROMISO DE VENTRICULO DERECHO;410.41;I21.19;703253007
112463;INFARTO MIOCARDICO TRANSMURAL DE PARED INFERIOR, POSQUIRURGICO;410.40;I21.19;311793000
174846;INFARTO AGUDO DE MIOCARDIO DE PARED DIAFRAGMATICA;410.40;I21.19;73795002
4957;INFARTO AGUDO DE MIOCARDIO DE PARED INFERIOR         ( IAM );410.40;I21.19;73795002
4967;INFARTO AGUDO MIOCARDIO DE PARED POSTERIOR VERDADERO EPISODIO ATENCION INICIAL;410.61;I21.29;233838001
55003;INFARTO AURICULAR AGUDO;410.80;I21.29;194809007
72286;ROTURA DEL TABIQUE INTERVENTRICULAR;410.80;I21.29;3098007
55025;ROTURA AGUDA DEL TABIQUE INTERVENTRICULAR;410.80;I21.29;371817007
55018;IAM DE PARED LATERAL        ( IAM );410.50;I21.29;58612006
4965;INFARTO AGUDO MIOCARDIO DE PARED POSTERIOR         ( IAM );410.60;I21.29;233838001
4968;INFARTO AGUDO MIOCARDIO DE PARED POSTERIOR VERDADERO EPISODIO ATENCION SUBSIGUIENTE;410.62;I21.29;233838001
174680;INFARTO AGUDO DE MIOCARDIO AURICULAR;410.80;I21.29;72977004
55004;INFARTO AGUDO DE MIOCARDIO DE PARED BASAL LATERAL         ( IAM );410.50;I21.29;282006
174682;INFARTO AGUDO DE MIOCARDIO DE AURICULA;410.80;I21.29;72977004
55027;INFARTO MUSCULO PAPILAR;410.80;I21.29;10273003
102718;SIGNOS ELECTROCARDIOGRAFICOS DE INFARTO SEPTAL;410.80;I21.29;1077002
55017;INFARTO AGUDO DE MIOCARDIO DE PARED DIAFRAGMATICA         ( IAM );410.50;I21.29;73795002
55002;INFARTO AGUDO DE MIOCARDIO DE PARED APICOLATERAL         ( IAM );410.50;I21.29;59063002
4966;INFARTO DE MIOCARDIO POSTERIOR VERDADERO;410.60;I21.29;194802003
4963;INFARTO AGUDO MIOCARDIO DE OTRA PARED LATERAL EPISODIO ATENCION INICIAL;410.51;I21.29;58612006
45953;INFARTO AGUDO NO Q - LATERAL;410.50;I21.29;233834004
4961;INFARTO AGUDO DE MIOCARDIO DE PARED LATERAL        ( IAM );410.50;I21.29;58612006
55012;INFARTO AGUDO DE MIOCARDIO DE PARED LATERAL ALTA         ( IAM );410.50;I21.29;64627002
4976;INFARTO AGUDO MIOCARDIO DE OTROS SITIOS ESPECIFICADOS EPISODIO ATENCION SUBSIGUIENTE;410.82;I21.29;57054005
4974;INFARTO AGUDO MIOCARDIO DE OTROS SITIOS ESPECIFICADOS EPISODIO ATENCION NO ESPECIFICADO;410.80;I21.29;57054005
4975;INFARTO AGUDO MIOCARDIO DE OTROS SITIOS ESPECIFICADOS EPISODIO ATENCION INICIAL;410.81;I21.29;57054005
4973;INFARTO AGUDO MIOCARDIO DE OTROS SITIOS ESPECIFICADOS;410.80;I21.29;57054005
55023;INFARTO AGUDO DE MIOCARDIO, SEPTAL         ( IAM );410.80;I21.29;79009004
55036;INFARTO AGUDO DE MIOCARDIO DE PARED POSTEROBASAL         ( IAM );410.60;I21.29;70998009
126270;INFARTO AGUDO DE MIOCARDIO DE PARED POSTEROBASAL CON ELEVACION DEL SEGMENTO ST;410.60;I21.29;15713201000119100
55021;INFARTO AGUDO DE MIOCARDIO DE PARED POSTEROLATERAL         ( IAM );410.50;I21.29;15990001
126265;INFARTO AGUDO DE PARED LATERAL DE MIOCARDIO CON ELEVACION DEL SEGMENTO ST;410.50;I21.29;15712921000119100
74856;TROMBOSIS DEL TRONCO DE LA ARTERIA CORONARIA IZQUIERDA;410.80;I21.29;56276002
126263;INFARTO AGUDO DE PARED POSTEROLATERAL DE MIOCARDIO CON ELEVACION DE SEGMENTO ST;410.50;I21.29;15712841000119100
126269;INFARTO AGUDO DE TABIQUE DE MIOCARDIO CON ELEVACION DE SEGMENTO ST;410.80;I21.29;15713161000119100
4962;INFARTO AGUDO MIOCARDIO DE OTRA PARED LATERAL EPISODIO ATENCION NO ESPECIFICADO;410.50;I21.29;58612006
4964;INFARTO AGUDO MIOCARDIO DE OTRA PARED LATERAL EPISODIO ATENCION SUBSIGUIENTE;410.52;I21.29;58612006
186014;INFARTO AGUDO DE PARED POSTERIOR DE MIOCARDIO CON ELEVACION DE SEGMENTO ST;410.60;I21.29;15713041000119100
55013;INFARTO AGUDO DEL MUSCULO PAPILAR;410.80;I21.29;10273003
4979;INFARTO AGUDO MIOCARDIO DE SITIO NO ESPECIFICADO EPISODIO ATENCION INICIAL;410.91;I21.3;57054005
63232;INFARTO MIOCARDICO SILENTE;410.90;I21.3;233843008
19403;CARDIOPATIA ISQUEMICA SOSPECHA DE SINDROME CORONARIO AGUDO;410;I21.3;394659003
4977;INFARTO AGUDO MIOCARDIO DE SITIO NO ESPECIFICADA;410.90;I21.3;57054005
101991;INFARTO DE MIOCARDIO POSQUIRURGICO;410.90;I21.3;129574000
4978;INFARTO AGUDO MIOCARDIO DE SITIO NO ESPECIFICADO EPISODIO ATENCION NO ESPECIFICA;410.90;I21.3;57054005
117502;INFARTO DE MIOCARDIO CON ELEVACION ULTERIOR DE SEGMENTO ST;410.90;I21.3;703211006
4980;INFARTO AGUDO MIOCARDIO DE SITIO NO ESPECIFICADO EPISODIO ATENCION SUBSIGUIENTE;410.92;I21.3;57054005
41588;TROMBOSIS DE TRONCO DE LA ARTERIA CORONARIA DERECHA;410.90;I21.3;10365005
72185;ROTURA AURICULAR;410.90;I21.3;370477004
63431;INFARTO AGUDO DE MIOCARDIO DEBIDO A OCLUSION DE ARTERIA CORONARIA DERECHA;410.90;I21.3;23311000119105
72241;ROTURA CARDIACA POSTERIOR A INFARTO AGUDO DE MIOCARDIO;410.90;I21.3;233847009
54966;EMBOLIA CORONARIA;410.90;I21.3;29899005
153847;INFARTO AGUDO DE MIOCARDIO DE TIPO Q;410.90;I21.3;304914007
57375;INFARTO AGUDO DE MIOCARDIO SIN ELEVACION DEL SEGMENTO ST;410.90;I21.3;401314000
126267;INFARTO AGUDO DE MIOCARDIO CON ELEVACION DE SEGMENTO ST DEBIDO A OCLUSION DE ARTERIA CORONARIA IZQUIERDA;410.90;I21.3;15713081000119100
126268;INFARTO AGUDO DE MIOCARDIO CON ELEVACION DE SEGMENTO ST DEBIDO A OCLUSION DE ARTERIA CORONARIA DERECHA;410.90;I21.3;15713121000119100
72179;OCLUSION ADQUIRIDA DE SENO CORONARIO;410.90;I21.3;461417000
41571;TROMBOSIS DE LA ARTERIA CORONARIA DERECHA;410.90;I21.3;10365005
72158;OBSTRUCCION DE LA ARTERIA CORONARIA IZQUIERDA;410.90;I21.3;123641001
72144;OBSTRUCCION DE LA ARTERIA CORONARIA DERECHA;410.90;I21.3;123642008
72143;NECROSIS MIOCARDICA;410.90;I21.3;251061000
15295;IAM;410;I21.3;57054005
54984;INFARTO CORAZON;410.90;I21.3;22298006
63478;ISQUEMIA MIOCARDICA TRANSITORIA;410.90;I21.3;315026000
54995;IAM CON ROTURA VENTRICULAR;410.90;I21.3;30277009
54971;INFARTO CARDIACO;410.90;I21.3;22298006
72260;TROMBO EN EL VENTRICULO DERECHO;410.90;I21.3;309518001
72349;ROTURA DE ARTERIA CORONARIA;410.90;I21.3;28931004
117090;TROMBOSIS DE ARTERIA CORONARIA;410.90;I21.3;398274000
57388;INFARTO AGUDO DE MIOCARDIO SIN ONDA Q;410.90;I21.3;307140009
72362;TROMBO EN EL VENTRICULO IZQUIERDO;410.90;I21.3;309519009
4940;INFARTO AGUDO DE MIOCARDIO         ( IAM );410;I21.3;57054005
140597;INFARTO AGUDO DE MIOCARDIO DISEMINADO;410.90;I21.3;233835003
63432;INFARTO AGUDO DE MIOCARDIO DEBIDO A OCLUSION DE ARTERIA CORONARIA IZQUIERDA;410.90;I21.3;17531000119105
28106;INFARTO AGUDO DE MIOCARDIO CON ELEVACION DEL SEGMENTO ST;410.90;I21.3;401303003
55062;INFARTO AGUDO DE MIOCARDIO CON ROTURA VENTRICULAR;410.90;I21.3;30277009
130817;TROMBOSIS AURICULAR, VENTRICULAR Y DE APENDICE AURICULAR COMO COMPLICACION ACTUAL LUEGO DE INFARTO AGUDO DE MIOCARDIO;410.91;I21.3;194868001
26909;ATAQUE AL CORAZON;410.90;I21.3;22298006
15491;IAM NO LOCALIZABLE;410.90;I21.3;57054005
41552;EMBOLIA DE ARTERIA CORONARIA;410.90;I21.3;29899005
192285;RUPTURA DE PARED CARDIACA SIN HEMOPERICARDIO COMO COMPLICACION ACTUAL LUEGO DE INFARTO AGUDO DE MIOCARDIO;410.90;I21.3;194865003
15294;SINDROME CORONARIO AGUDO     ( SCA );410;I21.3;394659003
15492;INFARTO AGUDO NO Q - MASIVO         ( IAM );410.70;I21.4;233837006
4971;INFARTO AGUDO MIOCARDIO DE SUBENDOCARDICO EPISODIO ATENCION INICIAL;410.71;I21.4;70422006
4969;INFARTO SUBENDOCARDICO AGUDO         ( IAM );410.70;I21.4;70422006
55028;INFARTO NO TRANSPARIETAL AGUDO         ( IAM );410.70;I21.4;70422006
4970;INFARTO AGUDO MIOCARDIO DE SUBENDOCARDICO EPISODIO ATENCION NO ESPECIFICADO;410.70;I21.4;70422006
4972;INFARTO AGUDO MIOCARDIO DE SUBENDOCARDICO EPISODIO ATENCION SUBSIGUIENTE;410.72;I21.4;70422006
116976;INFARTO DE MIOCARDIO SIN ONDA Q         ( IAM );410.70;I21.4;314207007
112429;INFARTO MIOCARDICO SUBENDOCARDICO, POSQUIRURGICO         ( IAM );410.70;I21.4;311796008
103295;HEMOPERICARDIO COMO COMPLICACION ACTUAL LUEGO DE INFARTO AGUDO DE MIOCARDIO;423.0;I23.0;194862000
5119;CIERTAS COMPLICACIONES ACTUALES LUEGO DE INFARTO AGUDO DE MIOCARDIO;429.79;I23.0;194861007
103296;DEFECTO DEL TABIQUE AURICULAR COMO COMPLICACION ACTUAL LUEGO DE INFARTO AGUDO DE MIOCARDIO;410.90;I23.1;194863005
103297;ROTURA DE CUERDAS TENDINOSAS COMO COMPLICACION ACTUAL LUEGO DE INFARTO AGUDO DE MIOCARDIO;410.90;I23.4;194866002
116071;INSUFICIENCIA DE VALVULA MITRAL DEBIDA A INFARTO AGUDO DE MIOCARDIO CON ROTURA DE MUSCULO PAPILAR Y CUERDAS TENDINOSAS;424.0;I23.4;703330009
175587;TROMBO MURAL DE VENTRÍCULO IZQUIERDO POSTERIOR A INFARTO AGUDO DE MIOCARDIO;429.79;I23.6;15960981000119100
175582;TROMBO MURAL DE VENTRÍCULO DERECHO POSTERIOR A INFARTO AGUDO DE MIOCARDIO;429.79;I23.6;736978009
63479;OCLUSION CORONARIA AGUDA QUE NO OCASIONA INFARTO DE MIOCARDIO;411.81;I24.0;78741000119103
4985;OCLUSION CORONARIA;411.81;I24.0;63739005
42628;ISQUEMIA MIOCARDICA AGUDA;411.81;I24.0;413444003
79492;TROMBOSIS CORONARIA QUE NO DERIVA EN INFARTO DE MIOCARDIO;411.81;I24.0;194821006
79550;TROMBOSIS DE ARTERIA CORONARIA DESCENDENTE ANTERIOR IZQUIERDA;411.81;I24.0;28248000
4984;OTRAS FORMAS AGUDAS Y SUBAGUDAS DE CARDIOPATIA ISQUEMICA;411.81;I24.0;394659003
116076;OCLUSION DE ARTERIA CORONARIA DEBIDA A ENFERMEDAD NEOPLASICA;411.81;I24.0;703356002
41553;EMBOLIA DE ARTERIA CORONARIA SIN INFARTO DE MIOCARDIO;411.81;I24.0;29899005
66429;PERICARDITIS POSINFARTO DE MIOCARDIO;411.0;I24.1;66189004
4982;SINDROME POSTINFARTO DE MIOCARDIO;411.0;I24.1;66189004
74343;SINDROME DE DRESSLER;411.0;I24.1;66189004
188990;OTRAS FORMAS AGUDAS Y SUBAGUDAS CARDIOPATIA ISQUEMICA;411;I24.8;394659003
174096;CARDIOPATIA ISQUEMICA SUBAGUDA;411.89;I24.8;713405002
47293;INSUFICIENCIA CORONARIA AGUDA;411.89;I24.8;194823009
18898;ISQUEMIA CORONARIA AGUDA SIN INFARTO DE MIOCARDIO      ( ICASI );411.89;I24.8;194823009
60947;MICROINFARTO CARDIACO;411.89;I24.8;42531007
4986;ISQUEMIA SUBENDOCARDICA;411.89;I24.8;46109009
4981;OTRAS FORMAS AGUDAS Y SUBAGUDAS CARDIOPATIA ISQUEMICA;411.0;I24.9;394659003
18900;ATEROSCLEROSIS DE ARTERIA CORONARIA MEDIA;414.01;I25.10;443502000
26140;ATEROSCLEROSIS DE ARTERIA CORONARIA;414.00;I25.10;443502000
18899;ATEROSCLEROSIS DE ARTERIA CORONARIA DESCENDENTE;414.01;I25.10;443502000
55000;INFARTO DE MIOCARDIO ANTIGUO, DIAGNOSTICADO POR ELECTROCARDIOGRAMA Y/U OTRO METODO COMPLEMENTARIO, PERO ACTUALMENTE ASINTOMATICO;412;I25.2;32574007
16661;INFARTO DE MIOCARDIO ANTIGUO;412;I25.2;1755008
4987;INFARTO ANTIGUO DE MIOCARDIO;412;I25.2;1755008
53979;INFARTO ANTIGUO DE MIOCARDIO POSTERIOR;412;I25.2;233842003
55008;ISQUEMIA MIOCARDICA MANIFIESTA EN PRUEBA DE ESTRES REALIZADA DESPUES DE INFARTO DE MIOCARDIO;412;I25.2;371824008
53816;INFARTO ANTIGUO DE MIOCARDIO LATERAL;412;I25.2;233841005
55007;INFARTO DE MIOCARDIO, CICATRIZADO;412;I25.2;1755008
42631;INFARTO ANTIGUO DE MIOCARDIO INFERIOR;412;I25.2;233840006
18917;INFARTO DE MIOCARDIO DIAGNOSTICADO POR ECG, PERO SIN PRESENTAR SINTOMAS;412;I25.2;32574007
42630;INFARTO ANTIGUO DE MIOCARDIO ANTERIOR;412;I25.2;233839009
27620;FISTULA ARTERIOVENOSA DE ARTERIA CORONARIA A SENO CORONARIO;414.19;I25.3;461423005
24061;ANEURISMA DE VENA CAVA SUPERIOR DERECHA;414.10;I25.3;448179001
24022;ANEURISMA DE VENA CAVA SUPERIOR IZQUIERDA;414.10;I25.3;448329009
24072;ANEURISMA DE PARCHE DE TRACTO DE SALIDA DEL VENTRICULO DERECHO;414.10;I25.3;459183000
23980;ANEURISMA VENTRICULAR DERECHO;414.10;I25.3;445440001
71134;ANEURISMA DE PARCHE DE TRACTO DE SALIDA DE VENTRICULO IZQUIERDO;414.10;I25.3;459182005
21757;ANEURISMA DE PARCHE DE DEFECTO DE TABIQUE AURICULOVENTRICULAR;414.10;I25.3;459180002
96005;ANEURISMA DEL TABIQUE MEMBRANOSO;414.19;I25.3;264503005
5001;ANEURISMA DE LA PARED CARDIACA;414.10;I25.3;65340007
23981;ANEURISMA SUBMITRAL ADQUIRIDO DE VENTRICULO IZQUIERDO;414.10;I25.3;461413001
24062;ANEURISMA DE PARCHE DE DEFECTO DE TABIQUE INTERVENTRICULAR;414.10;I25.3;459181003
5000;ANEURISMA CARDIACO;414.19;I25.3;65340007
24020;ANEURISMA SUBAORTICO ADQUIRIDO DE VENTRICULO IZQUIERDO;414.10;I25.3;461414007
23942;ANEURISMA VENTRICULAR IZQUIERDO;414.10;I25.3;297160003
48196;FISTULA CARDIACA AURICULOVENTRICULAR ADQUIRIDA;414.19;I25.3;194845005
24789;FISTULA CORONARIA A LA AURICULA DERECHA;414.19;I25.3;373095005
5003;OTROS ANEURISMAS CARDIACOS;414.19;I25.3;65340007
115478;FISTULA CARDIOVASCULAR DEBIDA A ENDOCARDITIS;414.19;I25.3;472808008
25098;FISTULA DE SENO CORONARIO;414.19;I25.3;405560005
48269;FISTULA DE ARTERIA CORONARIA;414.19;I25.3;373093003
24832;FISTULA CORONARIA AL VENTRICULO DERECHO;414.19;I25.3;373096006
38747;FISTULA ARTERIOVENOSA ADQUIRIDA DEL CORAZON;414.19;I25.3;75473000
115544;FISTULA DE ARTERIA CORONARIA CON DILATACION DE ARTERIA CORONARIA PROXIMAL Y SIN DILATACION DE ARTERIA CORONARIA DISTAL;414.19;I25.4;461424004
31755;OCLUSION DE ARTERIA CORONARIA;414.2;I25.82;63739005
186313;ISQUEMIA EN REPOSO CONCOMITANTE CON CARDIOPATIA ISQUEMICA Y DEBIDA A ELLA;414.8;I25.89;712866001
15581;ISQUEMIA MIOCARDICA CRONICA;414.8;I25.89;413844008
30021;ISQUEMIA MIOCARDICA;414.8;I25.89;414795007
35836;ISQUEMIA MICROVASCULAR DE MIOCARDIO;414.8;I25.89;697976003
15580;ISQUEMIA CORONARIA CRONICA;414.8;I25.89;413844008
55001;ISQUEMIA DE MIOCARDIO SILENTE;414.8;I25.89;233823002
57362;MIOCARDIOPATIA ISQUEMICA GENERALIZADA;414.8;I25.89;194849004
5004;OTRAS FORMAS ESPECIFICADAS ENFERMEDAD CARDIACA ISQUEMICA CRONICA;414.8;I25.89;413844008
57387;MIOCARDIOPATIA ISQUEMICA DILATADA DEBIDA A ENFERMEDAD CORONARIA;414.8;I25.89;472100003
4992;OTRAS FORMAS DE ENFERMEDADES CARDIACAS ISQUEMICAS CRONICAS;414;I25.9;413838009
34724;CARDIOPATIA ISQUEMICA AGUDA;414.9;I25.9;413439005
15298;CARDIOPATIA ISQUEMICA CRONICA - NE;414.9;I25.9;413838009
194125;CARDIOPATIA ISQUEMICA;414.9;I25.9;414545008
15299;ENFERMEDAD ISQUEMICA CRONICA;414.9;I25.9;413838009
19405;CARDIOPATIA ISQUEMICA ESTABLE;414.9;I25.9;414545008
35017;ENFERMEDAD CARDIACA ISQUEMICA;414.9;I25.9;414545008
57374;LESION ULCEROSA DE ARTERIA CORONARIA;414.9;I25.9;373138006
5005;ENFERMEDAD ISQUEMICA CRONICA DEL CORAZON;414.9;I25.9;413838009
16668;CARDIOPATIA ISQUEMICA CRONICA;414.9;I25.9;413838009
29683;CARDIOPATIA CORONARIA ASINTOMATICA;414.9;I25.9;315348000
16667;CARDIOPATIA CORONARIA CRONICA;414.9;I25.9;413838009
115180;HIPERTENSION DE ARTERIA PULMONAR ASOCIADA CON CARDIOPATIA CONGENITA;416.8;I27.2;697905000
115147;HIPERTENSION PULMONAR DEBIDA A CARDIOPATIA VALVULAR DEL LADO IZQUIERDO;416.8;I27.89;697927009
116257;PERICARDITIS SECUNDARIA A INFARTO AGUDO DE MIOCARDIO;423.9;I31.9;71023004
170534;PERICARDITIS DEBIDA A ANEURISMA AORTICO;420.0;I32;61575003
130816;RUPTURA DE MUSCULO PAPILAR COMO COMPLICACION ACTUAL LUEGO DE INFARTO AGUDO DE MIOCARDIO;424.0;I34.8;194867006
116081;INSUFICIENCIA DE VALVULA MITRAL DEBIDA A INFARTO AGUDO DE MIOCARDIO;424.0;I34.8;703326006
116057;INSUFICIENCIA DE VALVULA MITRAL DEBIDA A INFARTO AGUDO DE MIOCARDIO SIN ROTURA DE MUSCULO PAPILAR Y CUERDAS TENDINOSAS;424.0;I34.8;703328007
116072;REGURGITACION DE VALVULA MITRAL DEBIDA A INFARTO AGUDO DE MIOCARDIO CON ROTURA DE MUSCULO PAPILAR Y CUERDAS TENDINOSAS;424.0;I34.8;703330009
116067;REGURGITACION DE VALVULA MITRAL DEBIDA A INFARTO AGUDO DE MIOCARDIO;424.0;I34.8;703326006
116069;REGURGITACION DE VALVULA MITRAL DEBIDA A INFARTO AGUDO DE MIOCARDIO SIN ROTURA DE MUSCULO PAPILAR Y CUERDAS TENDINOSAS;424.0;I34.8;703328007
116066;INSUFICIENCIA DE VALVULA AORTICA DEBIDA A DISECCION DE LA AORTA;424.1;I35.1;703325005
67162;INSUFICIENCIA VENTRICULAR IZQUIERDA CRONICA;428.1;I50.1;111283005
18055;ASMA CARDIACA;428.1;I50.1;71892000
5107;INSUFICIENCIA CARDIACA DEL LADO IZQUIERDO;428.1;I50.1;364006
16702;INSUFICIENCIA CARDIACA IZQUIERDA AGUDA;428.1;I50.1;364006
39823;EDEMA AGUDO DE PULMON DE CAUSA CARDIACA;428.1;I50.1;360371003
16701;EDEMA AGUDO DE PULMON CON INSUFICIENCIA CARDIACA;428.1;I50.1;360371003
18429;ASMA CARDIOBRONQUIAL;428.1;I50.1;71892000
47285;INSUFICIENCIA CARDIACA SISTOLICA, CLASE B;428.20;I50.20;120871000119108
35409;INSUFICIENCIA CARDIACA SISTOLICA, CLASE A;428.20;I50.20;609556008
55653;INSUFICIENCIA CARDIACA SISTOLICA, CLASE C;428.20;I50.20;120861000119102
39695;INSUFICIENCIA CARDIACA SISTOLICA, CLASE D;428.20;I50.20;120851000119104
18934;INSUFICIENCIA CARDIACA SISTOLICA;428.20;I50.20;417996009
18935;INSUFICIENCIA CARDIACA SISTOLICA AGUDA;428.21;I50.21;443254009
18936;INSUFICIENCIA CARDIACA SISTOLICA CRONICA;428.22;I50.22;441481004
18937;INSUFICIENCIA CARDIACA SISTOLICA CRONICA REAGUDIZADA;428.23;I50.23;443253003
96076;INSUFICIENCIA CARDIACA DIASTOLICA, CLASE B;428.30;I50.30;120871000119108
46266;INSUFICIENCIA CARDIACA DIASTOLICA, CLASE A;428.30;I50.30;609556008
18938;INSUFICIENCIA CARDIACA DIASTOLICA;428.30;I50.30;418304008
47264;INSUFICIENCIA CARDIACA DIASTOLICA, CLASE C;428.30;I50.30;120891000119109
117618;INSUFICIENCIA CARDIACA DIASTOLICA, CLASE D;428.30;I50.30;120881000119106
18939;INSUFICIENCIA CARDIACA DIASTOLICA AGUDA;428.31;I50.31;443343001
18940;INSUFICIENCIA CARDIACA DIASTOLICA CRONICA;428.32;I50.32;441530006
18941;INSUFICIENCIA CARDIACA DISTOLICA CRONICA REAGUDIZADA;428.33;I50.33;443344007
18942;INSUFICIENCIA CARDIACA AGUDA SISTOLICA Y DIASTOLICA;428.40;I50.40;153931000119109
18943;INSUFICIENCIA CARDIACA SISTOLICA Y DIASTOLICA AGUDA;428.41;I50.41;153931000119109
47232;FALLO CARDIACO AGUDO;428.41;I50.42;56675007
18944;INSUFICIENCIA CARDIACA SISTOLICA Y DIASTOLICA CRONICA;428.42;I50.42;153941000119100
18945;INSUFICIENCIA CARDIACA SISTOLICA Y DIASTOLICA CRONICA REAGUDIZADA;428.43;I50.43;153951000119103
110862;INSUFICIENCIA CARDIACA DERECHA POR HIPERTENSION PULMONAR;428.0;I50.814;426012001
116741;INSUFICIENCIA CARDIACA DERECHA;428.0;I50.9;128404006
102491;INSUFICIENCIA CARDIACA CONGESTIVA DEBIDA A MIOCARDIOPATIA;428.0;I50.9;101281000119107
5106;INSUFICIENCIA CARDIACA CONGESTIVA;428.0;I50.9;42343007
52457;INSUFICIENCIA CARDIACA CONGESTIVA DEBIDA A ENFERMEDAD VALVULAR;428.0;I50.9;426611007
94021;INSUFICIENCIA CARDIACA CONGESTIVA CRONICA;428.0;I50.9;88805009
47280;INSUFICIENCIA CARDIACA CONGESTIVA CLASE B;428.0;I50.9;
47339;INSUFICIENCIA CARDIACA CONGESTIVA CLASE D;428.0;I50.9;6,7431E+13
47279;INSUFICIENCIA CARDIACA CONGESTIVA CLASE A;428.0;I50.9;
47412;INSUFICIENCIA CARDIACA CONGESTIVA BIVENTRICULAR;428.0;I50.9;92506005
47338;INSUFICIENCIA CARDIACA CONGESTIVA CLASE C;428.0;I50.9;6,7441E+13
30091;DISFUNCION DEL VENTRICULO DERECHO DEBIDA A TRASTORNO DEL VENTRICULO IZQUIERDO;428.0;I50.9;472784000
5105;INSUFICIENCIA CARDIACA;428.0;I50.9;84114007
23427;EXACERBACION DE INSUFICIENCIA CARDIACA CONGESTIVA;428.0;I50.9;9,6311E+13
26520;ASCITIS DE CAUSA CARDIACA;428.0;I50.9;236003008
104798;INSUFICIENCIA VENTRICULAR DERECHA ASOCIADA A SEPSIS;428.0;I50.9;277639002
74081;SINDROME DE INSUFICIENCIA - OBSTRUCCION VENTRICULAR DERECHA;428.0;I50.9;13839000
28304;SINDROME DE BERNHEIM;428.0;I50.9;13839000
26522;EDEMA CARDIACO;428.0;I50.9;89555002
116389;UÑA CON MEDIALUNA ROJA EN INSUFICIENCIA CARDIACA CONGESTIVA;428.0;I50.9;403298007
15308;ACV HEMORRAGICO     ( NO TRAUMATICA );431;I61.9;274100004
15476;ACVA HEMORRAGICO     ( NO TRAUMATICA );432.9;I62.9;274100004
95735;INFARTO CEREBRAL DEBIDO A ESTENOSIS DE ARTERIA PRECEREBRAL;433.91;I63.20;2,93831E+14
46256;INFARTO - PRECEREBRAL;433.91;I63.20;230692004
5149;INFARTO CEREBRAL DEBIDO A OCLUSION DE ARTERIA PRECEREBRAL;433.91;I63.20;1,25081E+14
5131;OCLUSION MULTIPLE Y BILATERAL DE ARTERIA PRECEREBRAL;433;I63.20;195183002
5140;INFARTO CEREBRAL DEBIDO A OCLUSION DE ARTERIA VERTEBRA;433.21;I63.219;3002025013
5134;INFARTO CEREBRAL DEBIDO A OCLUSION DE ARTERIA BASILAR;433.01;I63.22;3,4181E+13
5137;INFARTO CEREBRAL DEBIDO A OCLUSION DE ARTERIA CAROTIDA;433.11;I63.239;1,49821E+14
54981;INFARTO CEREBRAL ISQUEMICO;434.01;I63.30;195189003
5153;INFARTO CEREBRAL POR TROMBOSIS DE ARTERIAS CEREBRALES;434.01;I63.30;195189003
95784;INFARTO CEREBRAL DEBIDO A TROMBOSIS DE ARTERIA CEREBRAL MEDIA;434.01;I63.319;705130002
157838;ACV POR EMBOLIA;434.11;I63.40;371041009
161887;ACCIDENTE CEREBROVASCULAR CARDIOEMBOLICO;434.11;I63.40;413758000
54973;INFARTO CEREBRAL DEBIDO A EMBOLIA DE ARTERIA CEREBRAL MEDIA;434.11;I63.40;705128004
54975;INFARTO CEREBRAL POR EMBOLIA DE ARTERIAS PRECEREBRALES;434.11;I63.40;195186005
54978;ACCIDENTE CEREBROVASCULAR POR EMBOLIA;434.11;I63.40;371041009
5156;INFARTO CEREBRAL POR EMBOLIA DE ARTERIAS CEREBRALES;434.11;I63.40;195190007
102279;ACCIDENTE CEREBROVASCULAR ISQUEMICO CON COMA;434.91;I63.50;1,40911E+14
189086;ACV PARALITICO;434.91;I63.50;116288000
54974;ACCIDENTE CEREBROVASCULAR LACUNAR;434.91;I63.50;230698000
140176;ACV PARCIAL DE LA CIRCULACION CEREBRAL ANTERIOR;434.91;I63.50;230695002
125887;ACCIDENTE CEREBROVASCULAR ISQUEMICO SIN COMA;434.91;I63.50;1,40921E+14
122509;ACCIDENTE CEREBROVASCULAR PARALITICO;434.91;I63.50;116288000
140175;ACCIDENTE CEREBROVASCULAR PARCIAL DE LA CIRCULACION CEREBRAL ANTERIOR;434.91;I63.50;230695002
182154;OCLUSION DE ARTERIA CEREBRAL CON ACCIDENTE CEREBROVASCULAR;434.91;I63.50;9,901E+12
95794;INFARTO DEL HEMISFERIO CEREBRAL DERECHO;434.91;I63.50;307767006
95752;INFARTO DE GANGLIOS BASALES;434.91;I63.50;413102000
54972;INFARTO CEREBELOSO;434.91;I63.50;95460007
28426;INFARTO DE LA CIRCULACION CEREBRAL POSTERIOR;434.91;I63.50;230696001
79925;INFARTO DE TRONCO ENCEFALICO;434.91;I63.50;95457000
73096;INFARTO DEL BULBO RAQUIDEO;434.91;I63.50;426983002
95736;INFARTO DEL HEMISFERIO CEREBRAL IZQUIERDO;434.91;I63.50;307766002
109672;DISARTRIA - SINDROME DE MANOS TORPES    ( SECUELA ACV );434.91;I63.50;230703006
35332;INFARTO HEMORRAGICO DE LA CIRCULACION CEREBRAL POSTERIOR;434.91;I63.50;230708002
54976;INFARTO LACUNAR;434.91;I63.50;230698000
95724;INFARTO LACUNAR MOTOR PURO;434.91;I63.50;230699008
22697;INFARTO LACUNAR SENSITIVO PURO;434.91;I63.50;230700009
25583;INFARTO DE LA CIRCULACION CEREBRAL ANTERIOR;434.91;I63.50;230693009
5159;INFARTO CEREBRAL POR TROMBOSIS DE ARTERIAS PRECEREBRALES;434.91;I63.50;195185009
117325;INFARTO TALAMICO;434.91;I63.50;427296003
5143;ESTENOSIS MULTIPLE Y BILATERAL DE LA ARTERIA CEREBRAL ANTERIOR;433.31;I63.59;73192008
5146;OCLUSION Y ESTENOSIS OTRA ARTERIA ESPECIFICADA CON INFARTO CEREBRAL;433.81;I63.59;432504007
16710;INFARTO CEREBRAL;434.91;I63.9;432504007
162264;ESTENOSIS DE ARTERIA VERTEBRAL DERECHA;433.20;I65.01;734327009
157017;OCLUSIÓN DE ARTERIA VERTEBRAL DERECHA;433.20;I65.01;2,92621E+14
176139;TROMBOSIS DE ARTERIA VERTEBRAL DERECHA;433.20;I65.01;1,59784E+16
74060;OCLUSION DE ARTERIA CAROTIDA IZQUIERDA;433.10;I65.02;2,85161E+14
176152;TROMBOSIS DE ARTERIA VERTEBRAL IZQUIERDA;433.20;I65.02;1,59785E+16
161214;ESTENOSIS DE ARTERIA VERTEBRAL IZQUIERDA;433.20;I65.02;734326000
157019;OCLUSIÓN DE ARTERIA VERTEBRAL IZQUIERDA;433.20;I65.02;2,92631E+14
46260;ESTENOSIS DE ARTERIA VERTEBRAL;433.20;I65.09;90520006
5138;OCLUSION DE ARTERIA VERTEBRAL;433.20;I65.09;195182007
63192;OBSTRUCCION DE ARTERIA VERTEBRAL;433.20;I65.09;43658003
5139;OCLUSION Y ESTENOSIS ARTERIA VERTEBRAL SIN INFARTO CEREBRAL;433.20;I65.09;195182007
41566;EMBOLIA DE ARTERIA VERTEBRAL;433.2;I65.09;65084004
63457;TROMBOSIS DE ARTERIA VERTEBRAL;433.20;I65.09;64775002
27037;ESTRECHAMIENTO DE ARTERIA VERTEBRAL;433.20;I65.09;90520006
5132;OCLUSION Y ESTENOSIS ARTERIA BASILAR;433.00;I65.1;195180004
46241;ESTENOSIS DE ARTERIA BASILAR;433.00;I65.1;54519002
79482;TROMBOSIS DE ARTERIA BASILAR;433.00;I65.1;88174006
63420;OBSTRUCCION DE ARTERIA BASILAR;433.00;I65.1;195180004
41568;EMBOLIA DE ARTERIA BASILAR;433.00;I65.1;111296006
5133;OCLUSION Y ESTENOSIS ARTERIA BASILAR SIN INFARTO CEREBRAL;433.00;I65.1;54519002
63189;OCLUSION ASINTOMATICA DE ARTERIA BASILAR;433.00;I65.1;703206009
176839;TROMBOSIS DE ARTERIA CARÓTIDA DERECHA;433.10;I65.21;734382000
22513;ATEROMATOSIS CAROTÍDEA, LADO DERECHO;433.10;I65.21;300920004:272741003=24028007
63423;ESTENOSIS DE ARTERIA CAROTIDA DERECHA;433.10;I65.21;2,85201E+14
22522;ATEROSCLEROSIS DE ARTERIA CARÓTIDA, LADO DERECHO;433.10;I65.21;300920004:272741003=24028007
22516;ATEROMATOSIS CAROTÍDEA, LADO IZQUIERDO;433.10;I65.22;300920004:272741003=7771000
22933;ATEROSCLEROSIS DE ARTERIA CARÓTIDA, LADO IZQUIERDO;433.10;I65.22;300920004:272741003=7771000
176849;TROMBOSIS DE ARTERIA CARÓTIDA IZQUIERDA;433.10;I65.22;734374000
79483;ESTENOSIS DE ARTERIA CAROTIDA IZQUIERDA;433.10;I65.22;2,85191E+14
22521;ATEROSCLEROSIS DE ARTERIA CARÓTIDA, BILATERAL;433.10;I65.23;300920004:272741003=51440002
22510;ATEROMATOSIS CAROTÍDEA, BILATERAL;433.10;I65.23;300920004:272741003=51440002
161803;ESTENOSIS BILATERAL DE ARTERIAS CARÓTIDAS;433.10;I65.23;787044009
79531;OCLUSION ASINTOMATICA DE ARTERIA CAROTIDA EXTRACRANEAL;433.10;I65.29;703180005
27031;ATEROSCLEROSIS DE ARTERIA CAROTIDA DERECHA;433.10;I65.29;2,84881E+14
41572;ATEROSCLEROSIS DE ARTERIA CORONARIA IZQUIERDA;433.10;I65.29;2,84871E+14
18690;OCLUSION ASINTOMATICA DE ARTERIA CAROTIDA INTRACRANEAL;433.10;I65.29;703184001
117028;ATEROSCLEROSIS DE ARTERIA CAROTIDA;433.10;I65.29;300920004
5136;OCLUSION Y ESTENOSIS ARTERIA CAROTIDA SIN INFARTO CEREBRAL;433.10;I65.29;266254007
92791;OCLUSION DE ARTERIA CAROTIDA DERECHA;433.10;I65.29;2,85171E+14
46244;ESTENOSIS DE LA ARTERIA CAROTIDA;433.10;I65.29;64586002
5135;OCLUSION DE ARTERIA CAROTIDA;433.10;I65.29;266254007
24530;TROMBOSIS DE ARTERIA CAROTIDA;433.10;I65.29;86003009
63190;ESTENOSIS DE LA ARTERIA CAROTIDA INTERNA;433.10;I65.29;233964008
41547;EMBOLIA DE ARTERIA CAROTIDA;433.10;I65.29;80606009
49070;TROMBOSIS DE ARTERIA CAROTIDA INTERNA;433.10;I65.29;425420004
74005;SINDROME DE INSUFICIENCIA DE LA ARTERIA CAROTIDA;433.10;I65.29;76402003
95680;SINDROME DE TAVERAS;433.10;I65.29;76402003
117516;TROMBOSIS DE ARTERIA COMUNICANTE POSTERIOR;433.80;I65.8;425932008
93680;TROMBOSIS DE ARTERIA CEREBELOSA;433.80;I65.8;95459002
79513;TROMBOSIS MULTIPLE Y BILATERAL DE LA ARTERIA CEREBRAL ANTERIOR;433.30;I65.8;14977000
5142;EMBOLIA MULTIPLE Y BILATERAL DE LA ARTERIA CEREBRAL ANTERIOR;433.30;I65.8;37943007
79484;SINDROMES DE ARTERIA PRECEREBRAL MULTIPLES Y BILATERALES;433.30;I65.8;195201005
18731;TROMBOSIS DE ARTERIA COROIDEA ANTERIOR;433.80;I65.8;7,931E+12
54568;TROMBOSIS DE ARTERIA ESPINAL ANTERIOR;433.80;I65.8;230740003
95685;TROMBOSIS DE ARTERIA PONTINA;433.80;I65.8;408665008
63435;SINDROME DE OCLUSION DE LA ARTERIA ESPINAL ANTERIOR;433.80;I65.8;2972007
46068;SINDROME MEDULAR ANTERIOR;433.80;I65.8;2972007
5145;OCLUSION Y ESTENOSIS DE ARTERIAS CEREBRALES, SIN INFARTO CEREBRAL;433.80;I65.8;195231004
63458;OCLUSION BILATERAL DE CAROTIDA;433.30;I65.8;426651005
15309;OTRAS OBSTRUCCIONES ARTERIALES CEREBRALES;433.80;I65.8;20059004
5141;OCLUSION Y ESTENOSIS DE ARTERIAS CEREBRALES MULTIPLES Y BILATERALES;433.30;I65.8;195236009
63452;TROMBOSIS DE LA ARTERIA CEREBRAL ANTERIOR;433.90;I65.9;48601002
26157;EMBOLIA DE ARTERIA CEREBRAL ANTERIOR;433.90;I65.9;40276003
5148;OCLUSION Y ESTENOSIS ARTERIA PRECEREBRAL NO ESPECIFICADA SIN INFARTO CEREBRAL;433.90;I65.9;20059004
41693;TROMBOEMBOLIA DE ARTERIA PRECEREBRAL;433.90;I65.9;446712002
5147;OBSTRUCCION DE LA ARTERIA CEREBRAL ANTERIOR;433.90;I65.9;28790007
159701;ÉMBOLO DE ARTERIA CEREBELOSA IZQUIERDA;434.10;I66,3;734959006
154282;OCLUSIÓN DE ARTERIA CEREBELOSA IZQUIERDA POR ÉMBOLO;434.10;I66,3;762632005
176105;TROMBOSIS DE ARTERIA CEREBRAL MEDIA DERECHA;434.00;I66.01;734384004
159706;ÉMBOLO DE ARTERIA CEREBRAL MEDIA DERECHA;434.10;I66.01;734965006
154705;OCLUSIÓN DE ARTERIA CEREBRAL MEDIA DERECHA POR ÉMBOLO;434.10;I66.01;762629007
159710;ÉMBOLO DE ARTERIA CEREBRAL MEDIA IZQUIERDA;434.10;I66.02;734964005
156112;OCLUSIÓN DE ARTERIA CEREBRAL MEDIA IZQUIERDA POR ÉMBOLO;434.10;I66.02;762630002
176882;TROMBOSIS DE ARTERIA CEREBRAL MEDIA IZQUIERDA;434.00;I66.02;734383005
5152;TROMBOSIS CEREBRAL SIN MENCION DE INFARTO CEREBRAL;434.00;I66.19;71444005
5151;TROMBOSIS CEREBRAL;434.00;I66.19;71444005
75329;ACCIDENTE CEREBROVASCULAR TROMBOTICO;434.00;I66.19;371040005
79534;TROMBOSIS DE LAS VENAS CEREBRALES;434.00;I66.19;95455008
79486;TROMBOSIS DE LAS ARTERIAS CEREBRALES;434.00;I66.19;71444005
79479;TROMBOSIS DE ARTERIA CEREBRAL MEDIA;434.00;I66.19;705129007
156121;OCLUSIÓN DE ARTERIA CEREBRAL POSTERIOR DERECHA POR ÉMBOLO;434.10;I66.21;762651004
159728;ÉMBOLO DE ARTERIA CEREBRAL POSTERIOR DERECHA;434.10;I66.21;734963004
159735;ÉMBOLO DE ARTERIA CEREBRAL POSTERIOR IZQUIERDA;434.10;I66.22;734961002
156132;OCLUSIÓN DE ARTERIA CEREBRAL POSTERIOR IZQUIERDA POR ÉMBOLO;434.10;I66.22;762652006
160738;ÉMBOLO DE ARTERIA CEREBELOSA DERECHA;434.10;I66.3;734960001
154279;OCLUSIÓN DE ARTERIA CEREBELOSA DERECHA;434.90;I66.3;735132006
154280;OCLUSIÓN DE ARTERIA CEREBELOSA DERECHA POR ÉMBOLO;434.10;I66.3;762633000
154281;OCLUSIÓN DE ARTERIA CEREBELOSA IZQUIERDA;434.90;I66.3;735131004
70637;OCLUSION DE ARTERIA CEREBELOSA;434.90;I66.3;95458005
28258;SINDROME DE BECK;433.80;I66.8;2972007
74181;SINDROME DE RAYMOND - CESTAN;433.80;I66.8;44248001
79500;SINDROME DE ARTERIA CEREBELOSA SUPERIOR;433.80;I66.8;444657001
79503;SINDROME DE LA ARTERIA COROIDEA ANTERIOR;433.80;I66.8;14309005
79533;SINDROME DE MONAKOW;433.80;I66.8;14309005
157013;OCLUSIÓN DE ARTERIA PONTINA IZQUIERDA;433.80;I66.8;735115007
157006;OCLUSIÓN DE ARTERIA PONTINA DERECHA;433.80;I66.8;735114006
63498;OCLUSION DE LA ARTERIA PONTINA;433.80;I66.8;408664007
5144;OTRA ARTERIA PRECEREBRAL NO ESPECIFICADA OCLUSION Y ESTENOSIS;433.80;I66.8;20059004
75006;SINDROME PONTINO DE FOVILLE;433.80;I66.8;69533002
79493;EMBOLIA DE ARTERIA AUDITIVA INTERNA;433.80;I66.8;703158007
79499;OCLUSION DE ARTERIA AUDITIVA INTERNA;433.80;I66.8;703161008
158337;ACV OCLUSIVO;434.90;I66.9;373606000
5157;OCLUSION DE ARTERIA CEREBRAL NO ESPECIFICADA;434.90;I66.9;20059004
45951;EMBOLIA DEL POLIGONO DE WILLIS;434.10;I66.9;297138001
5154;EMBOLISMO ARTERIAL CEREBRAL;434.10;I66.9;75543006
63428;ACCIDENTE CEREBROVASCULAR;434.90;I66.9;230690007
113243;ACV ISQUEMICO;435;I66.9;230690007
140172;ACV- ACCIDENTE CEREBROVASCULAR POR OCLUSION DE ARTERIA CEREBRAL;434.90;I66.9;230691006
41948;EMBOLIA DE ARTERIA CEREBRAL MEDIA;434.10;I66.9;699706000
15477;ACVA ISQUEMICO;434.90;I66.9;230690007
19256;ACCIDENTE CEREBROVASCULAR ( PREVENCION SECUNDARIA ) ( ACV );434.90;I66.9;230690007
16709;ICTUS ISQUEMICO     ( ACV );434.90;I66.9;230690007
5158;OCLUSION DE ARTERIA CEREBRAL NO ESPECIFICADA SIN MENCION DE INFARTO CEREBRAL;434.90;I66.9;20059004
16794;ACV MAL DEFINIDO     ( ICTUS );434.90;I66.9;288723005
5150;OCLUSION DE ARTERIA CEREBRAL;433.80;I66.9;20059004
5155;EMBOLIA CEREBRAL SIN MENCION DE INFARTO CEREBRAL;434.10;I66.9;75543006
30972;ACCIDENTE CEREBROVASCULAR OCLUSIVO;434.90;I66.9;373606000
15311;ACCIDENTE CEREBROVASCULAR ISQUEMICO;434.90;I66.9;422504002
16708;ACV ISQUEMICO     ( ICTUS );434.90;I66.9;230690007
63427;OCLUSION DE ARTERIA PRECEREBRAL;434.90;I66.9;266253001
140173;ACCIDENTE CEREBROVASCULAR POR OCLUSION DE ARTERIA CEREBRAL;434.90;I66.9;230691006
169038;ATEROSCLEROSIS CEREBRAL;437.0;I67.2;55382008
58160;ISQUEMIA CEREBRAL;437.1;I67.81;287731003
57363;ISQUEMIA CEREBRAL CRONICA;437.1;I67.82;111298007
16713;ACCIDENTE CEREBROVASCULAR AGUDO MAL DEFINIDA     ( ACV )     ( ICTUS );436;I67.89;288723005
25943;ACCIDENTE CEREBROVASCULAR DEL HEMISFERIO CEREBRAL IZQUIERDO;436;I67.89;195216008
25949;SINDROME TROFICO TRIGEMINAL;436;I67.89;403602005
74689;SINDROME MEDULAR LATERAL;436;I67.89;78569004
21245;ACCIDENTE CEREBROVASCULAR DEL HEMISFERIO CEREBRAL DERECHO;436;I67.89;195217004
145046;ACCIDENTE CEREBROVASCULAR COMPLETAMENTE DESARROLLADO;436;I67.89;25133001
140179;ACCIDENTE CEREBROVASCULAR (ACV) DE LA CIRCULACION ANTERIOR DE PATOLOGIA INCIERTA;436;I67.89;230714009
21238;ACCIDENTE CEREBROVASCULAR NO PARALITICO;436;I67.89;111297002
140180;ACCIDENTE CEREBROVASCULAR (ACV) DE LA CIRCULACION POSTERIOR DE PATOLOGIA INCIERTA;436;I67.89;230715005
25944;ENFERMEDAD CEREBROVASCULAR AGUDA MAL DEFINIDA;436;I67.89;288723005
25947;SINDROME DE ACCIDENTE VASCULAR DEL TRONCO ENCEFALICO;436;I67.89;195212005
130869;ACV DEL HEMISFERIO CEREBRAL IZQUIERDO;436;I67.89;195216008
25946;SINDROME DE ACCIDENTE VASCULAR CEREBELOSO;436;I67.89;195213000
75406;SINDROME DE WALLENBERG;436;I67.89;78569004
188009;EXTENSION DEL ACCIDENTE CEREBROVASCULAR;436;I67.89;281240008
18750;APOPLEJIA NO PARALITICA;436;I67.89;111297002
149427;EXTENSION DEL ACV;436;I67.89;281240008
81277;SINDROME DE LA ARTERIA CEREBELOSA POSTEROINFERIOR;436;I67.89;78569004
21239;ACCIDENTE CEREBROVASCULAR ( ACV ) DE PATOLOGIA INCIERTA;436;I67.89;230713003
75045;SINDROME DE LA ARTERIA CEREBELOSA INFERIOR;436;I67.89;78569004
116614;LEUCOARAIOSIS;437.1;I67.89;89743005
5170;OTRA ENFERMEDAD CEREBROVASCULAR ISQUEMICA GENERALIZADA     ( ACV )     ( ICTUS );437.1;I67.89;62914000
130870;ACV DEL HEMISFERIO CEREBRAL DERECHO;436;I67.89;195217004
16795;ICTUS MAL DEFINIDO;436;I67.89;288723005
5167;ENFERMEDAD CEREBROVASCULAR AGUDA MAL DEFINIDA     ( ACV )     ( ICTUS );436;I67.89;288723005
5168;OTRA ENFERMEDAD CEREBROVASCULAR Y ENFERMEDAD CEREBROVASCULAR MAL DEFINIDA;437;I67.9;62914000
16796;ENFERMEDAD CEREBROVASCULAR     ( ACV )     ( ICTUS );437.9;I67.9;62914000
5195;SINDROME PARALITICO DE LADO DOMINANTE COMO EFECTO TARDIO DE ACCIDENTE CEREBROVASCULAR;438.51;I69.261;430959006
5179;EFECTOS TARDIOS DE ENFERMEDAD CEREBROVASCULAR     ( ACV )     ( ICTUS );438;I69.8;195239002
5189;MONOPLEJIA DEL MIEMBRO SUPERIOR DOMINANTE COMO EFECTO TARDIO DE ACCIDENTE CEREBROVASCULAR;438.31;I69.831;427065003
5192;MONOPLEJIA DEL MIEMBRO INFERIOR DOMINANTE COMO EFECTO TARDIO DE ACCIDENTE CEREBROVASCULAR;438.41;I69.841;425642008
76452;ESPASTICIDAD COMO SECUELA DE ACCIDENTE CEREBROVASCULAR;438.89;I69.898;1,08691E+14
98420;TRASTORNO CONVULSIVO COMO SECUELA DE ACCIDENTE CEREBROVASCULAR;438.89;I69.898;1,37991E+14
5200;OTROS EFECTOS TARDIOS DE ENFERMEDAD CEREBROVASCULAR     ( ACV )     ( ICTUS );438.89;I69.898;195239002
174099;DOLOR CONSECUTIVO A ACCIDENTE CEREBROVASCULAR;438.89;I69.898;713410003
93984;DEBILIDAD DE EXTREMIDADES COMO SECUELA DE ACCIDENTE CEREBROVASCULAR;438.89;I69.898;9,2341E+13
98418;VEJIGA NEUROGENICA COMO EFECTO TARDIO DE ACCIDENTE CEREBROVASCULAR;438.89;I69.898;433183000
189076;SECUELA DE ACCIDENTE CEREBROVASCULAR;438.9;I69.90;1,131E+12
50680;SECUELA DE ACCIDENTE CEREBROVASCULAR CARDIOEMBOLICO;438.9;I69.90;3,3301E+13
41579;SECUELA DE ACCIDENTE CEREBROVASCULAR TROMBOTICO;438.9;I69.90;9,1601E+13
16797;SECUELAS DE ACV      ( ICTUS );438.9;I69.90;195239002
41982;SECUELA DE ACCIDENTE CEREBROVASCULAR LACUNAR;438.9;I69.90;3,3331E+13
16798;SECUELAS DE ICTUS     ( ACV );438.9;I69.90;195239002
76435;DEFICIT COGNITIVO RESIDUAL COMO EFECTO TARDIO DE ACCIDENTE CEREBROVASCULAR;438.0;I69.919;442212003
5182;AFASIA. DEFECTOS DEL HABLA Y LENGUAJE  - DUPLICAR Y BAJA. SECUELA ACV;438.11;I69.920;442617003
94040;AFASIA COMO EFECTO TARDIO DE ACCIDENTE CEREBROVASCULAR;438.11;I69.920;442617003
94037;DISARTRIA COMO EFECTO TARDIO DE ENFERMEDAD CEREBROVASCULAR     ( SECUELA ACV );438.13;I69.922;1,33981E+14
76433;DEFICIT DEL HABLA Y DEL LENGUAJE COMO EFECTO TARDIO DE ACCIDENTE CEREBROVASCULAR;438.10;I69.928;441960006
5181;DEFECTOS DEL HABLA Y DEL LENGUAJE , SIN ESPECIFICAR. SECUELA ACV;438.10;I69.928;441960006
5184;OTROS DEFECTOS DEL HABLA Y DEL LENGUAJE. SECUELA ACV;438.19;I69.928;441960006
5190;MONOPLEJIA DEL MIEMBRO SUPERIOR NO DOMINANTE COMO EFECTO TARDIO DE ACCIDENTE CEREBROVASCULAR;438.32;I69.933;442181008
153199;MONOPLEJÍA DE MIEMBRO SUPERIOR DERECHO NO DOMINANTE DEBIDA A ACCIDENTE CEREBROVASCULAR Y POSTERIOR A ÉL;438.32;I69.933;2,91111E+14
164872;MONOPLEJIA DE MIEMBRO SUPERIOR NO DOMINANTE COMO EFECTO TARDIO DE ACCIDENTE CEREBROVASCULAR;438.32;I69.933;442181008
153203;MONOPLEJÍA DE MIEMBRO SUPERIOR IZQUIERDO NO DOMINANTE DEBIDA A ACCIDENTE CEREBROVASCULAR Y POSTERIOR A ÉL;438.32;I69.934;2,91091E+14
5193;MONOPLEJIA DE MIEMBRO INFERIOR NO DOMINANTE COMO EFECTO TARDIO DE ACCIDENTE CEREBROVASCULAR;438.42;I69.943;441894009
50705;SINDROME PARALITICO EN UN LADO DEL CUERPO COMO EFECTO DE ACCIDENTE CEREBROVASCULAR;438.20;I69.959;4,8601E+13
50686;HEMIPARESIA COMO EFECTO TARDIO DE ACCIDENTE CEREBROVASCULAR;438.20;I69.959;441991000
29199;HEMIPLEJÍA COMO EFECTO TARDÍO DE ACCIDENTE CEREBROVASCULAR, LADO DERECHO;438.20;I69.959;442733008:272741003=24028007
50699;HEMIPLEJIA Y/O HEMIPARESIA DESPUES DE ACCIDENTE CEREBROVASCULAR;438.20;I69.959;4,8601E+13
50695;HEMIPLEJIA COMO EFECTO TARDIO DE ACCIDENTE CEREBROVASCULAR;438.20;I69.959;442733008
29200;HEMIPLEJÍA COMO EFECTO TARDÍO DE ACCIDENTE CEREBROVASCULAR, LADO IZQUIERDO;438.20;I69.959;442733008:272741003=7771000
5196;SINDROME PARALITICO DEL LADO NO DOMINANTE COMO EFECTO TARDIO DE ACCIDENTE CEREBROVASCULAR;438.52;I69.963;430947007
5197;SINDROME PARALITICO DE LOS CUATRO MIEMBROS COMO SECUELA DE ACCIDENTE CEREBROVASCULAR;438.53;I69.965;1,03761E+14
187304;SINDROME PARALITICO COMO EFECTO TARDIO DE ACCIDENTE CEREBROVASCULAR;438.50;I69.969;425882004
5194;SINDROME PARALITICO EN UN LADO DEL CUERPO COMO EFECTO TARDIO DE ACCIDENTE CEREBROVASCULAR;438.50;I69.969;3,61E+11
76429;APRAXIA POR ACCIDENTE CEREBROVASCULAR;438.81;I69.990;428668000
163504;DISFAGIA, EFECTO TARDIO DE ACCIDENTE CEREBROVASCULAR;438.82;I69.991;426033005
76436;DISFAGIA COMO EFECTO TARDIO DE ICTUS;438.82;I69.991;426033005
5199;DISFAGIA COMO EFECTO TARDIO DE ACCIDENTE CEREBROVASCULAR;438.82;I69.991;426033005
129938;DEBILIDAD DE MÚSCULO FACIAL DERECHO DEBIDA A ACCIDENTE CEREBROVASCULAR Y POSTERIOR A ÉL;438.83;I69.992;1,22428E+16
129948;DEBILIDAD DE MÚSCULO FACIAL IZQUIERDO DEBIDA A ACCIDENTE CEREBROVASCULAR Y POSTERIOR A ÉL;438.83;I69.992;1,22427E+16
18955;DEBILIDAD DE MUSCULOS FACIALES COMO SECUELA DE ACCIDENTE CEREBROVASCULAR;438.83;I69.992;4,0161E+13
76430;DEBILIDAD COMO EFECTO TARDIO DE ACCIDENTE CEREBROVASCULAR;438.84;I69.993;1,48871E+14
76427;ALTERACION SENSITIVA COMO EFECTO TARDIO DE ACCIDENTE CEREBROVASCULAR;438.6;I69.998;1,34771E+14
154988;BALBUCEO     ( SECUELA ACV );438.89;I69.998;289195008
18957;VERTIGO COMO EFECTO TARDIO DE ACCIDENTE CEREBROVASCULAR;438.85;I69.998;426788002
167963;GANGRENA DE MIEMBRO INFERIOR IZQUIERDO DEBIDA A ATEROSCLEROSIS;785.4;I70.20;1,565E+16
167850;GANGRENA DE MIEMBRO INFERIOR DERECHO DEBIDA A ATEROSCLEROSIS;785.4;I70.20;1,56499E+16
752;CLAUDICACION INTERMITENTE DE MIEMBRO INFERIOR DERECHO CONCOMITANTE CON ATEROSCLEROSIS Y DEBIDA A ELLA;440.21;I70.211;1,22372E+16
755;CLAUDICACION INTERMITENTE DE MIEMBRO INFERIOR IZQUIERDO CONCOMITANTE CON ATEROSCLEROSIS Y DEBIDA A ELLA;440.21;I70.212;1,22371E+16
743;CLAUDICACION INTERMITENTE DE AMBOS MIEMBROS INFERIORES CONCOMITANTE CON ATEROSCLEROSIS Y DEBIDA A ELLA;440.21;I70.219;1,2237E+16
5207;ATEROSCLEROSIS DE LAS EXTREMIDADES CON CLAUDICACION INTERMITENTE;440.21;I70.219;5,561E+12
16801;CLAUDICACION INTERMITENTE DEBIDA A ATEROSCLEROSIS DE ARTERIA NATIVA DE EXTREMIDAD;440.21;I70.219;5,561E+12
132711;DOLOR DE MIEMBRO INFERIOR DERECHO EN REPOSO CONCOMITANTE CON ATEROSCLEROSIS Y DEBIDO A ELLA;440.22;I70.221;1,22372E+16
132724;DOLOR DE MIEMBRO INFERIOR IZQUIERDO EN REPOSO CONCOMITANTE CON ATEROSCLEROSIS Y DEBIDO A ELLA;440.22;I70.222;1,22371E+16
5208;ATEROSCLEROSIS DE LAS EXTREMIDADES QUE PRODUCE DOLOR EN REPOSO;440.22;I70.229;1,49841E+14
701;DOLOR DE MIEMBRO EN REPOSO DEBIDO A ATEROSCLEROSIS DE ARTERIA NATIVA;440.22;I70.229;1,49841E+14
105186;ULCERA DE PANTORRILLA DEBIDA A ATEROSCLEROSIS DE ARTERIA NATIVA DE EXTREMIDAD;440.23;I70.25;2,84901E+14
5209;ARTERIOPATIA PERIFERICA QUE PRODUCE ULCERACION ISQUEMICA;440.23;I70.25;1,0666E+16
105185;ULCERA ISQUEMICA DE PIE DEBIDA A ATEROSCLEROSIS DE ARTERIA NATIVA DE MIEMBRO;440.23;I70.25;2,84911E+14
105182;ULCERA ISQUEMICA DE REGION MEDIA DE PIE DEBIDA A ATEROSCLEROSIS DE ARTERIA NATIVA DE EXTREMIDAD;440.23;I70.25;2,84931E+14
80063;ULCERA ISQUEMICA DE REGION MEDIA DE PIE DEBIDA A ATEROSCLEROSIS DE ARTERIA NATIVA DE MIEMBRO;440.23;I70.25;2,84931E+14
105187;ULCERA DE TOBILLO DEBIDA A ATEROSCLEROSIS DE ARTERIA NATIVA DE EXTREMIDAD;440.23;I70.25;2,84891E+14
26146;ULCERA DE TOBILLO DEBIDA A ATEROSCLEROSIS DE ARTERIA NATIVA DE MIEMBRO;440.23;I70.25;2,84891E+14
16803;ULCERA ISQUEMICA DE PIERNA DEBIDA A ENFERMEDAD ATEROSCLEROTICA;440.23;I70.25;1,0666E+16
105184;ULCERA ISQUEMICA DE PIE DEBIDA A ATEROSCLEROSIS DE ARTERIA NATIVA DE EXTREMIDAD;440.23;I70.25;2,84911E+14
26133;ULCERA DE PANTORRILLA DEBIDA A ATEROSCLEROSIS DE ARTERIA NATIVA DE MIEMBRO;440.23;I70.25;2,84901E+14
80206;ULCERA DE TALON DEBIDA A ATEROSCLEROSIS DE ARTERIA NATIVA DE MIEMBRO;440.23;I70.25;2,84921E+14
105183;ULCERA DE TALON DEBIDA A ATEROSCLEROSIS DE ARTERIA NATIVA DE EXTREMIDAD;440.23;I70.25;2,84921E+14
5210;ATEROSCLEROSIS DE LAS EXTREMIDADES QUE PRODUCE GANGRENA;440.24;I70.269;5,111E+12
31760;OCLUSION CRONICA DE ARTERIA DE EXTERMIDAD;440.4;I70.92;698816006
5220;DISECCION DE AORTA LOCALIZACION INESPECIFICA;441.00;I71.00;308546005
23900;ANEURISMA DISECANTE DE AORTA;441.00;I71.00;308546005
193280;DISECCION DE AORTA;441.0;I71.00;308546005
38158;DISECCION DE AORTA DISTAL;441.00;I71.00;233997009
5219;DISECCION DE AORTA;441.00;I71.00;308546005
16806;DISECCIÓN CRÓNICA DE AORTA TORÁCICA;441.01;I71.01;713030005
140659;DISECCION AORTICA DISTAL;441.01;I71.01;233997009
23910;ANEURISMA DISECANTE DE AORTA TORACICA;441.01;I71.01;233994002
173988;DISECCION CRONICA DE AORTA TORACICA;441.01;I71.01;713030005
50479;PERFORACION DE LA AORTA TORACICA;441.01;I71.01;234011001
161180;DISECCION NO TRAUMATICA DE AORTA TORACICA;441.01;I71.01;405577005
163428;DISECCION CRONICA NO TRAUMATICA DE AORTA TORACICA;441.01;I71.01;425453009
140656;DISECCION DE LA AORTA TORACICA TIPO 1;441.01;I71.01;233995001
193110;DISECCION DE AORTA TIPO A;441.01;I71.01;301899003
23992;DISECCION DE AORTA PROXIMAL;441.01;I71.01;301899003
5221;DISECCION DE AORTA TORACICA;441.01;I71.01;233994002
38160;DISECCION DE LA RAIZ AORTICA;441.01;I71.01;233996000
140658;DISECCION DE LA AORTA TORACICA TIPO 2;441.01;I71.01;233996000
140657;DISECCION DE LA AORTA TORACICA TIPO II;441.01;I71.01;233996000
183701;DISECCION DE AORTA TORACICA TIPO 3;441.01;I71.01;233997009
5222;DISECCION DE AORTA ABDOMINAL;441.02;I71.02;408666009
38159;ANEURISMA DISECANTE DE AORTA ABDOMINAL;441.02;I71.02;408666009
5223;DISECCION DE AORTA TORACOABDOMINAL;441.03;I71.03;713029000
61879;ANEURISMA DISECANTE DE AORTA TORACOABDOMINAL;441.03;I71.03;444701000
5224;ANEURISMA DE AORTA TORACICA ROTO;441.1;I71.1;195258006
5225;ANEURISMA DE AORTA TORACICA;441.2;I71.2;433068007
24010;ANEURISMA DE AORTA ASCENDENTE;441.2;I71.2;425963007
23913;ANEURISMA DE AORTA TORACICA DESCENDENTE;441.2;I71.2;2,831E+12
24065;ANEURISMA DE CAYADO AORTICO;441.2;I71.2;712578006
23896;ANEURISMA AORTICO SUPRARRENAL ROTO;441.3;I71.3;314184006
5226;ANEURISMA ROTO DE AORTA ABDOMINAL;441.3;I71.3;14336007
23895;ANEURISMA DE AORTA ABDOMINAL INFRARRENAL;441.4;I71.4;444569004
155169;ANEURISMA AORTICO ABDOMINAL RECURRENTE;441.4;I71.4;315295003
183178;ANEURISMA AORTICO ABDOMINAL RECIDIVANTE;441.4;I71.4;315295003
154990;ANEURISMA AORTICO ABDOMINAL INFLAMATORIO;441.4;I71.4;314186008
5227;ANEURISMA ABDOMINAL SIN MENCION DE ROTURA;441.4;I71.4;233985008
16807;ANEURISMA DE AORTA ABDOMINAL;441.4;I71.4;233985008
5229;ANEURISMA DE AORTA TORACOABDOMINAL, ROTO;441.6;I71.5;195265003
24063;ANEURISMA DE AORTA SUPRACELIACA;441.7;I71.6;427490006
5230;ANEURISMA DE AORTA TORACOABDOMINAL;441.7;I71.6;233984007
5228;ANEURISMA AORTICO ROTO;441.5;I71.8;73067008
72124;ROTURA AORTICA;441.5;I71.8;4240001
115930;PERICARDITIS SECUNDARIA A ANEURISMA AORTICO CON PERDIDA EN EL SACO PERICARDICO;441.5;I71.8;8256001
72399;ANEURISMA AORTICO YUXTARRENAL;441.9;I71.9;314185007
61875;NECROSIS HIALINA DE LA AORTA;441.9;I71.9;66620003
5218;ANEURISMA AORTICO SITIO NO ESPECIFICADO SIN MENCION ROTURA;441;I71.9;67362008
114858;PERICARDITIS SECUNDARIA A ANEURISMA AORTICO;441.9;I71.9;61575003
5231;ANEURISMA AORTICO;441.9;I71.9;67362008
44185;ANEURISMA DE AORTA DESCENDENTE;441.9;I71.9;426948001
23882;ABSCESO DE RAIZ AORTICA;441.9;I71.9;405554005
16802;CLAUDICACION INTERMITENTE;443.9;I73.9;63491006
41602;EMBOLIA Y TROMBOSIS DE LA ARTERIA CUBITAL;444.21;I74.2;195321008
41599;EMBOLIA Y TROMBOSIS DE LA ARTERIA AXILAR;444.21;I74.2;195341003
63439;EMBOLIA Y TROMBOSIS DE LA ARTERIA SUBCLAVIA;444.21;I74.2;195339004
160981;EMBOLIA DE ARTERIA DE MIEMBRO SUPERIOR DERECHO;444.21;I74.2;1,60093E+16
161009;EMBOLIA DE ARTERIA DE MIEMBRO SUPERIOR IZQUIERDO;444.21;I74.2;1,60094E+16
41556;EMBOLIA Y TROMBOSIS DE ARTERIA HUMERAL;444.21;I74.2;195319003
41662;EMBOLIA Y TROMBOSIS DE LA ARTERIA RADIAL;444.21;I74.2;195320009
130890;EMBOLIA Y TROMBOSIS DE ARTERIA BRAQUIAL;444.21;I74.2;195319003
161025;EMBOLIA DE ARTERIA POPLÍTEA DERECHA;444.22;I74.3;1,60127E+16
160971;EMBOLIA DE ARTERIA DE MIEMBRO INFERIOR DERECHO;444.22;I74.3;1,60126E+16
63445;EMBOLIA Y TROMBOSIS DE ARTERIA DORSAL DEL PIE;444.22;I74.3;195326003
189843;EMBOLIA ARTERIAL PERIFERICA;444.22;I74.3;286959000
161041;EMBOLIA DE ARTERIA POPLÍTEA IZQUIERDA;444.22;I74.3;1,60126E+16
79495;EMBOLIA Y TROMBOSIS DE ARTERIA TIBIAL ANTERIOR;444.22;I74.3;195325004
160976;EMBOLIA DE ARTERIA DE MIEMBRO INFERIOR IZQUIERDO;444.22;I74.3;1,60125E+16
79514;EMBOLIA Y TROMBOSIS DE LA ARTERIA POPLITEA;444.22;I74.3;195324000
79497;EMBOLIA Y TROMBOSIS DE ARTERIA TIBIAL POSTERIOR;444.22;I74.3;195327007
79504;EMBOLIA Y TROMBOSIS DE LA ARTERIA FEMORAL;444.22;I74.3;195323006
79494;EMBOLIA Y TROMBOSIS DE ARTERIA PEDIA;444.22;I74.3;195326003
79570;EMBOLIA Y/O TROMBOSIS DE LA ARTERIA ILIACA EXTERNA;444.81;I74.5;195337002
5258;EMBOLIA Y/O TROMBOSIS DE ARTERIA ILIACA COMUN;444.81;I74.5;195335005
63273;EMBOLIA Y/O TROMBOSIS DE ARTERIA ILIACA INTERNA;444.81;I74.5;195336006
41622;EMBOLIA DE ARTERIA ILIACA;444.81;I74.5;80383008
79524;EMBOLIA Y TROMBOSIS DE LA ARTERIA HEPATICA;444.89;I74.8;195343000
79510;EMBOLIA Y TROMBOSIS DE LA ARTERIA ESPLENICA;444.89;I74.8;195340002
5257;EMBOLIA Y TROMBOSIS DE OTRA ARTERIA ESPECIFICADA;444.8;I74.8;54687002
130892;EMBOLIA Y TROMBOSIS DE ARTERIA HEPATICA;444.89;I74.8;195343000
79566;EMBOLIA Y TROMBOSIS DE LA ARTERIA CELIACA;444.89;I74.8;195342005
41564;EMBOLIA DE ARTERIA HEPATICA;444.89;I74.8;80235008
192288;EMBOLIA Y TROMBOSIS DE ARTERIA DE PIERNA O BRAZO;444.89;I74.8;195318006
5251;EMBOLIA ARTERIAL;444;I74.9;54687002
5260;EMBOLIA Y TROMBISIS DE ARTERIA NO ESPECIFICADA;444.9;I74.9;54687002
13022;INFARTO DE CEREBRO DEBIDO A ACCIDENTE CEREBROVASCULAR IATROGENICO;997.02;I97.821;441526008
116148;INFARTO AGUDO DE MIOCARDIO DURANTE PROCEDIMIENTO;997.1;I97.89;703212004
50381;NODULOS DE HEBERDEN CON ARTROPATIA;715.04;M15.1;201827009
41562;EMBOLIA DE ARTERIA RENAL;593.81;N28.0;95580006
122510;OCLUSION DE ARTERIA RENAL DEBIDA A EMBOLIA;593.81;N28.0;1,16291E+14
95271;CARDIOPATIA HIPERTENSIVA PREEXISTENTE EN LA MADRE QUE COMPLICA EL PUERPERIO;642.20;O10.219;34273003
102386;CARDIOPATIA HIPERTENSIVA PREEXISTENTE EN LA MADRE QUE COMPLICA EL NACIMIENTO;642.20;O10.219;1,07574E+16
102349;CARDIOPATIA HIPERTENSIVA PREEXISTENTE EN LA MADRE QUE COMPLICA EL EMBARAZO;642.20;O10.219;1,0759E+16
132668;CARDIOPATIA HIPERTENSIVA QUE COMPLICA EL EMBARAZO Y/O CONSTITUYE UN MOTIVO DE ATENCION DURANTE ESTE PERIODO;642.20;O10.219;20753005
169980;CARDIOPATIA HIPERTENSIVA QUE COMPLICA EL PARTO Y/O CONSTITUYE UN MOTIVO DE ATENCION DURANTE ESTE PROCEDIMIENTO;642.20;O10.219;59733002
102388;CARDIOPATIA HIPERTENSIVA Y ENFERMEDAD RENAL CRONICA HIPERTENSIVA MATERNA PREEXISTENTES QUE COMPLICAN EL NACIMIENTO;642.20;O10.219;1,07574E+16
95090;CARDIOPATIA HIPERTENSIVA Y ENFERMEDAD RENAL CRONICA HIPERTENSIVA MATERNA PREEXISTENTES QUE COMPLICAN EL PUERPERIO;642.20;O10.219;11511004
167801;CARDIOPATIA Y NEFROPATIA HIPERTENSIVAS EN EL CONTEXTO OBSTETRICO;642.20;O10.219;49102001
126030;CARDIOPATIA Y NEFROPATIA HIPERTENSIVAS QUE COMPLICAN EL PARTO Y/O CONSTITUYEN UN MOTIVO DE ATENCION DURANTE ESTE PROCEDIMIENTO;642.20;O10.219;1474004
189493;CARDIOPATIA Y NEFROPATIA HIPERTENSIVAS QUE COMPLICAN EL EMBARAZO Y/O CONSTITUYEN UN MOTIVO DE ATENCION DURANTE ESTE PERIODO;642.20;O10.219;22966008
102348;CARDIOPATIA HIPERTENSIVA Y ENFERMEDAD RENAL CRONICA HIPERTENSIVA MATERNA PREEXISTENTES QUE COMPLICAN EL EMBARAZO;642.20;O10.3;1,07575E+16
175991;CARDIOPATIA HIPERTENSIVA EN EL CONTEXTO OBSTETRICO;642.90;O16.9;79355007
69199;ACCIDENTE CEREBROVASCULAR DURANTE EL PUERPERIO;674.00;O99.419;275434003
111067;ACCIDENTE CEREBROVASCULAR NEONATAL;436;P29.89;371121002
64099;DOLOR DE ORIGEN CENTRAL LUEGO DE ACCIDENTE CEREBROVASCULAR;780.96;R52;277286006
157157;PRUEBA DE ACV - HALLAZGO;796.4;R68.89;366609000
152854;PRUEBA PARA ACCIDENTE CEREBROVASCULAR POSITIVA;796.4;R68.89;299403002
54374;ICTUS SOLARIS;992.0;T67.0XXA;18615009
53870;ANTECEDENTE FAMILIAR DE ACCIDENTE CEREBROVASCULAR;V17.1;Z82.3;275104002
72477;ANTECEDENTE FAMILIAR DE ACCIDENTE CEREBROVASCULAR DEBIDO A ANEURISMA;V17.1;Z82.3;1,06244E+16
97021;HISTORIA PERSONAL DE ACCIDENTE CEREBROVASCULAR PARIETAL;V12.54;Z86.73;9,7531E+13
97030;HISTORIA PERSONAL DE ACCIDENTE CEREBROVASCULAR LACUNAR;V12.54;Z86.73;9,9051E+13
97027;HISTORIA PERSONAL DE ACCIDENTE CEREBROVASCULAR TROMBOTICO SIN DEFICIENCIA RESIDUAL;V12.54;Z86.73;1,18951E+14
21240;HISTORIA PERSONAL DE ACCIDENTE CEREBROVASCULAR CON DEFICIT RESIDUAL;V12.59;Z86.79;440140008
53781;HISTORIA PERSONAL DE REPARACION DE DISECCION DE AORTA TORACICA, TIPO A DE STANFORD;V15.1;Z92.4;1,19511E+14
53780;HISTORIA PERSONAL DE REPARACION DE DISECCION DE AORTA TORACICA, TIPO B DE STANFORD;V15.1;Z92.4;1,19521E+14
53779;HISTORIA PERSONAL DE REPARACION DE DISECCION DE AORTA TORACICA DISTAL;V15.1;Z92.4;1,19521E+14
