id;literal;cie9;cie10;snomed
4894;ENFERMEDAD CARDIACA HIPERTENSIVA SIN ESPECIFICAR;402.90;I11.9;64715009
4894;ENFERMEDAD CARDIACA HIPERTENSIVA SIN ESPECIFICAR;402.90;I11.9;64715009
4894;ENFERMEDAD CARDIACA HIPERTENSIVA SIN ESPECIFICAR;402.90;I11.9;64715009
4901;ENFERMEDAD CARDIACA HIPERTENSIVA;402.90;I11.9;64715009
4901;ENFERMEDAD CARDIACA HIPERTENSIVA;402.90;I11.9;64715009
4901;ENFERMEDAD CARDIACA HIPERTENSIVA;402.90;I11.9;64715009
4902;ENFERMEDAD CARDIACA HIPERTENSIVA SIN INSUFICIENCIA CARDIACA CONGESTIVA;402.90;I11.9;60899001
4902;ENFERMEDAD CARDIACA HIPERTENSIVA SIN INSUFICIENCIA CARDIACA CONGESTIVA;402.90;I11.9;60899001
4902;ENFERMEDAD CARDIACA HIPERTENSIVA SIN INSUFICIENCIA CARDIACA CONGESTIVA;402.90;I11.9;60899001
5103;OTRAS DISRITMIAS CARDIACAS ESPECIFICADAS;427.89;I49.8;698247007
5113;CARDIOMEGALIA;429.3;I51.7;8186001
5113;CARDIOMEGALIA;429.3;I51.7;8186001
5113;CARDIOMEGALIA;429.3;I51.7;8186001
5113;CARDIOMEGALIA;429.3;I51.7;8186001
5113;CARDIOMEGALIA;429.3;I51.7;8186001
5113;CARDIOMEGALIA;429.3;I51.7;8186001
5113;CARDIOMEGALIA;429.3;I51.7;8186001
5113;CARDIOMEGALIA;429.3;I51.7;8186001
5113;CARDIOMEGALIA;429.3;I51.7;8186001
5113;CARDIOMEGALIA;429.3;I51.7;8186001
5113;CARDIOMEGALIA;429.3;I51.7;8186001
15551;HIPERTROFIA VENTRICULAR IZQUIERDA    ( HVI );429.3;I51.7;55827005
15551;HIPERTROFIA VENTRICULAR IZQUIERDA    ( HVI );429.3;I51.7;55827005
15551;HIPERTROFIA VENTRICULAR IZQUIERDA    ( HVI );429.3;I51.7;55827005
15551;HIPERTROFIA VENTRICULAR IZQUIERDA    ( HVI );429.3;I51.7;55827005
15551;HIPERTROFIA VENTRICULAR IZQUIERDA    ( HVI );429.3;I51.7;55827005
15551;HIPERTROFIA VENTRICULAR IZQUIERDA    ( HVI );429.3;I51.7;55827005
15551;HIPERTROFIA VENTRICULAR IZQUIERDA    ( HVI );429.3;I51.7;55827005
15551;HIPERTROFIA VENTRICULAR IZQUIERDA    ( HVI );429.3;I51.7;55827005
15551;HIPERTROFIA VENTRICULAR IZQUIERDA    ( HVI );429.3;I51.7;55827005
15551;HIPERTROFIA VENTRICULAR IZQUIERDA    ( HVI );429.3;I51.7;55827005
15551;HIPERTROFIA VENTRICULAR IZQUIERDA    ( HVI );429.3;I51.7;55827005
15552;DILATACION DE VENTRICULO CARDIACO;429.3;I51.7;6210001
15552;DILATACION DE VENTRICULO CARDIACO;429.3;I51.7;6210001
15552;DILATACION DE VENTRICULO CARDIACO;429.3;I51.7;6210001
15552;DILATACION DE VENTRICULO CARDIACO;429.3;I51.7;6210001
15552;DILATACION DE VENTRICULO CARDIACO;429.3;I51.7;6210001
15552;DILATACION DE VENTRICULO CARDIACO;429.3;I51.7;6210001
15552;DILATACION DE VENTRICULO CARDIACO;429.3;I51.7;6210001
15552;DILATACION DE VENTRICULO CARDIACO;429.3;I51.7;6210001
15552;DILATACION DE VENTRICULO CARDIACO;429.3;I51.7;6210001
15552;DILATACION DE VENTRICULO CARDIACO;429.3;I51.7;6210001
15552;DILATACION DE VENTRICULO CARDIACO;429.3;I51.7;6210001
16655;CARDIOPATIA HIPERTENSIVA CON HIPERTROFIA VENTRICULAR IZQUIERDA;402.90;I11.0;64715009:47429007=55827005
16655;CARDIOPATIA HIPERTENSIVA CON HIPERTROFIA VENTRICULAR IZQUIERDA;402.90;I11.0;64715009:47429007=55827005
16655;CARDIOPATIA HIPERTENSIVA CON HIPERTROFIA VENTRICULAR IZQUIERDA;402.90;I11.0;64715009:47429007=55827005
16656;HIPERTROFIA VENTRICULAR IZQUIERDA POR HIPERTENSION;402.90;I11.9;428163005
16656;HIPERTROFIA VENTRICULAR IZQUIERDA POR HIPERTENSION;402.90;I11.9;428163005
16656;HIPERTROFIA VENTRICULAR IZQUIERDA POR HIPERTENSION;402.90;I11.9;428163005
16657;MIOCARDIOPATIA HIPERTENSIVA;402.90;I11.9;64715009
16657;MIOCARDIOPATIA HIPERTENSIVA;402.90;I11.9;64715009
16657;MIOCARDIOPATIA HIPERTENSIVA;402.90;I11.9;64715009
16699;BRADICARDIA SINUSAL;427.89;R00.1;49710005
16703;HIPERTROFIA VENTRICULAR IZQUIERDA;429.3;I51.7;55827005
16703;HIPERTROFIA VENTRICULAR IZQUIERDA;429.3;I51.7;55827005
16703;HIPERTROFIA VENTRICULAR IZQUIERDA;429.3;I51.7;55827005
16703;HIPERTROFIA VENTRICULAR IZQUIERDA;429.3;I51.7;55827005
16703;HIPERTROFIA VENTRICULAR IZQUIERDA;429.3;I51.7;55827005
16703;HIPERTROFIA VENTRICULAR IZQUIERDA;429.3;I51.7;55827005
16703;HIPERTROFIA VENTRICULAR IZQUIERDA;429.3;I51.7;55827005
16703;HIPERTROFIA VENTRICULAR IZQUIERDA;429.3;I51.7;55827005
16703;HIPERTROFIA VENTRICULAR IZQUIERDA;429.3;I51.7;55827005
16703;HIPERTROFIA VENTRICULAR IZQUIERDA;429.3;I51.7;55827005
16703;HIPERTROFIA VENTRICULAR IZQUIERDA;429.3;I51.7;55827005
16704;HVI ( HIPERTROFIA VENTRICULAR IZQUIERDA );429.3;I51.7;55827005
16704;HVI ( HIPERTROFIA VENTRICULAR IZQUIERDA );429.3;I51.7;55827005
16704;HVI ( HIPERTROFIA VENTRICULAR IZQUIERDA );429.3;I51.7;55827005
16704;HVI ( HIPERTROFIA VENTRICULAR IZQUIERDA );429.3;I51.7;55827005
16704;HVI ( HIPERTROFIA VENTRICULAR IZQUIERDA );429.3;I51.7;55827005
16704;HVI ( HIPERTROFIA VENTRICULAR IZQUIERDA );429.3;I51.7;55827005
16704;HVI ( HIPERTROFIA VENTRICULAR IZQUIERDA );429.3;I51.7;55827005
16704;HVI ( HIPERTROFIA VENTRICULAR IZQUIERDA );429.3;I51.7;55827005
16704;HVI ( HIPERTROFIA VENTRICULAR IZQUIERDA );429.3;I51.7;55827005
16704;HVI ( HIPERTROFIA VENTRICULAR IZQUIERDA );429.3;I51.7;55827005
16704;HVI ( HIPERTROFIA VENTRICULAR IZQUIERDA );429.3;I51.7;55827005
19450;BRADICARDIA SINUSAL SINTOMATICA;427.89;R00.1;444605001
20031;MARCAPASOS AURICULAR;427.89;I49.8;195101003
20032;CRECIMIENTO AURICULA DERECHA;429.3;I51.7;446358003
20032;CRECIMIENTO AURICULA DERECHA;429.3;I51.7;446358003
20032;CRECIMIENTO AURICULA DERECHA;429.3;I51.7;446358003
20032;CRECIMIENTO AURICULA DERECHA;429.3;I51.7;446358003
20032;CRECIMIENTO AURICULA DERECHA;429.3;I51.7;446358003
20032;CRECIMIENTO AURICULA DERECHA;429.3;I51.7;446358003
20032;CRECIMIENTO AURICULA DERECHA;429.3;I51.7;446358003
20032;CRECIMIENTO AURICULA DERECHA;429.3;I51.7;446358003
20032;CRECIMIENTO AURICULA DERECHA;429.3;I51.7;446358003
20032;CRECIMIENTO AURICULA DERECHA;429.3;I51.7;446358003
20032;CRECIMIENTO AURICULA DERECHA;429.3;I51.7;446358003
20033;CRECIMIENTO AURICULA IZQUIERDA;429.3;I51.7;446813000
20033;CRECIMIENTO AURICULA IZQUIERDA;429.3;I51.7;446813000
20033;CRECIMIENTO AURICULA IZQUIERDA;429.3;I51.7;446813000
20033;CRECIMIENTO AURICULA IZQUIERDA;429.3;I51.7;446813000
20033;CRECIMIENTO AURICULA IZQUIERDA;429.3;I51.7;446813000
20033;CRECIMIENTO AURICULA IZQUIERDA;429.3;I51.7;446813000
20033;CRECIMIENTO AURICULA IZQUIERDA;429.3;I51.7;446813000
20033;CRECIMIENTO AURICULA IZQUIERDA;429.3;I51.7;446813000
20033;CRECIMIENTO AURICULA IZQUIERDA;429.3;I51.7;446813000
20033;CRECIMIENTO AURICULA IZQUIERDA;429.3;I51.7;446813000
20033;CRECIMIENTO AURICULA IZQUIERDA;429.3;I51.7;446813000
21392;ACOPLADO, RITMO;427.89;R00.1;698247007
22820;AGRANDAMIENTO BILATERAL DE AURICULAS;429.3;I51.7;444718001
22820;AGRANDAMIENTO BILATERAL DE AURICULAS;429.3;I51.7;444718001
22820;AGRANDAMIENTO BILATERAL DE AURICULAS;429.3;I51.7;444718001
22820;AGRANDAMIENTO BILATERAL DE AURICULAS;429.3;I51.7;444718001
22820;AGRANDAMIENTO BILATERAL DE AURICULAS;429.3;I51.7;444718001
22820;AGRANDAMIENTO BILATERAL DE AURICULAS;429.3;I51.7;444718001
22820;AGRANDAMIENTO BILATERAL DE AURICULAS;429.3;I51.7;444718001
22820;AGRANDAMIENTO BILATERAL DE AURICULAS;429.3;I51.7;444718001
22820;AGRANDAMIENTO BILATERAL DE AURICULAS;429.3;I51.7;444718001
22820;AGRANDAMIENTO BILATERAL DE AURICULAS;429.3;I51.7;444718001
22820;AGRANDAMIENTO BILATERAL DE AURICULAS;429.3;I51.7;444718001
26099;ARRITMIA DEL NODULO AURICULOVENTRICULAR;427.89;R00.1;88412007
27059;HIPERTROFIA CONGENITA DE LA VALVULA AORTICA;429.3;I51.7;93069000
27059;HIPERTROFIA CONGENITA DE LA VALVULA AORTICA;429.3;I51.7;93069000
27059;HIPERTROFIA CONGENITA DE LA VALVULA AORTICA;429.3;I51.7;93069000
27059;HIPERTROFIA CONGENITA DE LA VALVULA AORTICA;429.3;I51.7;93069000
27059;HIPERTROFIA CONGENITA DE LA VALVULA AORTICA;429.3;I51.7;93069000
27059;HIPERTROFIA CONGENITA DE LA VALVULA AORTICA;429.3;I51.7;93069000
27059;HIPERTROFIA CONGENITA DE LA VALVULA AORTICA;429.3;I51.7;93069000
27059;HIPERTROFIA CONGENITA DE LA VALVULA AORTICA;429.3;I51.7;93069000
27059;HIPERTROFIA CONGENITA DE LA VALVULA AORTICA;429.3;I51.7;93069000
27059;HIPERTROFIA CONGENITA DE LA VALVULA AORTICA;429.3;I51.7;93069000
27059;HIPERTROFIA CONGENITA DE LA VALVULA AORTICA;429.3;I51.7;93069000
28363;BIGEMINISMO AURICULAR;427.89;R00.1;251173003
28364;RITMO BIGEMINADO;427.89;R00.1;11157007
28595;BRADICARDIA;427.89;R00.1;48867003
28597;BRADICARDIA DE LA UNION AURICULOVENTRICULAR (NODAL);427.89;R00.1;251162005
28602;BRADICARDIA MEDICAMENTOSA;427.89;R00.1;397841007
28607;BRADICARDIA VAGAL;427.89;R00.1;29894000
28615;BRADICARDIA AUTONOMICA VAGAL DEL PREMATURO;427.89;R00.1;473006003
29996;CARDIOMEGALIA HIPERTENSIVA;402.90;I11.9;64715009
29996;CARDIOMEGALIA HIPERTENSIVA;402.90;I11.9;64715009
29996;CARDIOMEGALIA HIPERTENSIVA;402.90;I11.9;64715009
29997;CORAZON DE ATLETA;429.3;I51.7;233931008
29997;CORAZON DE ATLETA;429.3;I51.7;233931008
29997;CORAZON DE ATLETA;429.3;I51.7;233931008
29997;CORAZON DE ATLETA;429.3;I51.7;233931008
29997;CORAZON DE ATLETA;429.3;I51.7;233931008
29997;CORAZON DE ATLETA;429.3;I51.7;233931008
29997;CORAZON DE ATLETA;429.3;I51.7;233931008
29997;CORAZON DE ATLETA;429.3;I51.7;233931008
29997;CORAZON DE ATLETA;429.3;I51.7;233931008
29997;CORAZON DE ATLETA;429.3;I51.7;233931008
29997;CORAZON DE ATLETA;429.3;I51.7;233931008
30038;CARDIOPATIA HIPERTENSIVA;402.90;I11.9;64715009
30038;CARDIOPATIA HIPERTENSIVA;402.90;I11.9;64715009
30038;CARDIOPATIA HIPERTENSIVA;402.90;I11.9;64715009
34793;GALOPE AURICULAR;427.89;R00.1;4592006
35697;HIPERTROFIA O DILATACION DE VENTRICULO DERECHO;429.3;I51.7;67711000119105
35697;HIPERTROFIA O DILATACION DE VENTRICULO DERECHO;429.3;I51.7;67711000119105
35697;HIPERTROFIA O DILATACION DE VENTRICULO DERECHO;429.3;I51.7;67711000119105
35697;HIPERTROFIA O DILATACION DE VENTRICULO DERECHO;429.3;I51.7;67711000119105
35697;HIPERTROFIA O DILATACION DE VENTRICULO DERECHO;429.3;I51.7;67711000119105
35697;HIPERTROFIA O DILATACION DE VENTRICULO DERECHO;429.3;I51.7;67711000119105
35697;HIPERTROFIA O DILATACION DE VENTRICULO DERECHO;429.3;I51.7;67711000119105
35697;HIPERTROFIA O DILATACION DE VENTRICULO DERECHO;429.3;I51.7;67711000119105
35697;HIPERTROFIA O DILATACION DE VENTRICULO DERECHO;429.3;I51.7;67711000119105
35697;HIPERTROFIA O DILATACION DE VENTRICULO DERECHO;429.3;I51.7;67711000119105
35697;HIPERTROFIA O DILATACION DE VENTRICULO DERECHO;429.3;I51.7;67711000119105
37285;HIPOCINESIA MODERADA DE LA PARED CARDIACA;427.89;R00.1;371869002
37516;LATIDOS AURICULARES ECTOPICOS;427.89;I49.8;406461004
37996;DILATACION CARDIACA;429.3;I51.7;71932004
37996;DILATACION CARDIACA;429.3;I51.7;71932004
37996;DILATACION CARDIACA;429.3;I51.7;71932004
37996;DILATACION CARDIACA;429.3;I51.7;71932004
37996;DILATACION CARDIACA;429.3;I51.7;71932004
37996;DILATACION CARDIACA;429.3;I51.7;71932004
37996;DILATACION CARDIACA;429.3;I51.7;71932004
37996;DILATACION CARDIACA;429.3;I51.7;71932004
37996;DILATACION CARDIACA;429.3;I51.7;71932004
37996;DILATACION CARDIACA;429.3;I51.7;71932004
37996;DILATACION CARDIACA;429.3;I51.7;71932004
38015;DILATACION DE AURICULA CARDIACA;429.3;I51.7;82608003
38015;DILATACION DE AURICULA CARDIACA;429.3;I51.7;82608003
38015;DILATACION DE AURICULA CARDIACA;429.3;I51.7;82608003
38015;DILATACION DE AURICULA CARDIACA;429.3;I51.7;82608003
38015;DILATACION DE AURICULA CARDIACA;429.3;I51.7;82608003
38015;DILATACION DE AURICULA CARDIACA;429.3;I51.7;82608003
38015;DILATACION DE AURICULA CARDIACA;429.3;I51.7;82608003
38015;DILATACION DE AURICULA CARDIACA;429.3;I51.7;82608003
38015;DILATACION DE AURICULA CARDIACA;429.3;I51.7;82608003
38015;DILATACION DE AURICULA CARDIACA;429.3;I51.7;82608003
38015;DILATACION DE AURICULA CARDIACA;429.3;I51.7;82608003
38042;DILATACION DEL VENTRICULO IZQUIERDO;429.3;I51.7;253541009
38042;DILATACION DEL VENTRICULO IZQUIERDO;429.3;I51.7;253541009
38042;DILATACION DEL VENTRICULO IZQUIERDO;429.3;I51.7;253541009
38042;DILATACION DEL VENTRICULO IZQUIERDO;429.3;I51.7;253541009
38042;DILATACION DEL VENTRICULO IZQUIERDO;429.3;I51.7;253541009
38042;DILATACION DEL VENTRICULO IZQUIERDO;429.3;I51.7;253541009
38042;DILATACION DEL VENTRICULO IZQUIERDO;429.3;I51.7;253541009
38042;DILATACION DEL VENTRICULO IZQUIERDO;429.3;I51.7;253541009
38042;DILATACION DEL VENTRICULO IZQUIERDO;429.3;I51.7;253541009
38042;DILATACION DEL VENTRICULO IZQUIERDO;429.3;I51.7;253541009
38042;DILATACION DEL VENTRICULO IZQUIERDO;429.3;I51.7;253541009
38070;HIPERTROFIA CONGENITA DE LA VALVULA AURICULOVENTRICULAR IZQUIERDA;429.3;I51.7;93234006
38070;HIPERTROFIA CONGENITA DE LA VALVULA AURICULOVENTRICULAR IZQUIERDA;429.3;I51.7;93234006
38070;HIPERTROFIA CONGENITA DE LA VALVULA AURICULOVENTRICULAR IZQUIERDA;429.3;I51.7;93234006
38070;HIPERTROFIA CONGENITA DE LA VALVULA AURICULOVENTRICULAR IZQUIERDA;429.3;I51.7;93234006
38070;HIPERTROFIA CONGENITA DE LA VALVULA AURICULOVENTRICULAR IZQUIERDA;429.3;I51.7;93234006
38070;HIPERTROFIA CONGENITA DE LA VALVULA AURICULOVENTRICULAR IZQUIERDA;429.3;I51.7;93234006
38070;HIPERTROFIA CONGENITA DE LA VALVULA AURICULOVENTRICULAR IZQUIERDA;429.3;I51.7;93234006
38070;HIPERTROFIA CONGENITA DE LA VALVULA AURICULOVENTRICULAR IZQUIERDA;429.3;I51.7;93234006
38070;HIPERTROFIA CONGENITA DE LA VALVULA AURICULOVENTRICULAR IZQUIERDA;429.3;I51.7;93234006
38070;HIPERTROFIA CONGENITA DE LA VALVULA AURICULOVENTRICULAR IZQUIERDA;429.3;I51.7;93234006
38070;HIPERTROFIA CONGENITA DE LA VALVULA AURICULOVENTRICULAR IZQUIERDA;429.3;I51.7;93234006
38725;LATIDOS DE DRESSLER;427.89;I49.8;13640000
42474;ENFERMEDAD CARDIOVASCULAR HIPERTENSIVA;402.90;I11.9;64715009
42474;ENFERMEDAD CARDIOVASCULAR HIPERTENSIVA;402.90;I11.9;64715009
42474;ENFERMEDAD CARDIOVASCULAR HIPERTENSIVA;402.90;I11.9;64715009
45920;VENTRICULO DILATADO;429.3;I51.7;6210001
45920;VENTRICULO DILATADO;429.3;I51.7;6210001
45920;VENTRICULO DILATADO;429.3;I51.7;6210001
45920;VENTRICULO DILATADO;429.3;I51.7;6210001
45920;VENTRICULO DILATADO;429.3;I51.7;6210001
45920;VENTRICULO DILATADO;429.3;I51.7;6210001
45920;VENTRICULO DILATADO;429.3;I51.7;6210001
45920;VENTRICULO DILATADO;429.3;I51.7;6210001
45920;VENTRICULO DILATADO;429.3;I51.7;6210001
45920;VENTRICULO DILATADO;429.3;I51.7;6210001
45920;VENTRICULO DILATADO;429.3;I51.7;6210001
49117;RITMO DE GALOPE;427.89;R00.1;2170000
53041;HIPERTROFIA CONGENITA DE LA VALVULA MITRAL;429.3;I51.7;93234006
53041;HIPERTROFIA CONGENITA DE LA VALVULA MITRAL;429.3;I51.7;93234006
53041;HIPERTROFIA CONGENITA DE LA VALVULA MITRAL;429.3;I51.7;93234006
53041;HIPERTROFIA CONGENITA DE LA VALVULA MITRAL;429.3;I51.7;93234006
53041;HIPERTROFIA CONGENITA DE LA VALVULA MITRAL;429.3;I51.7;93234006
53041;HIPERTROFIA CONGENITA DE LA VALVULA MITRAL;429.3;I51.7;93234006
53041;HIPERTROFIA CONGENITA DE LA VALVULA MITRAL;429.3;I51.7;93234006
53041;HIPERTROFIA CONGENITA DE LA VALVULA MITRAL;429.3;I51.7;93234006
53041;HIPERTROFIA CONGENITA DE LA VALVULA MITRAL;429.3;I51.7;93234006
53041;HIPERTROFIA CONGENITA DE LA VALVULA MITRAL;429.3;I51.7;93234006
53041;HIPERTROFIA CONGENITA DE LA VALVULA MITRAL;429.3;I51.7;93234006
53153;HIPERTROFIA DE AURICULA DERECHA;429.3;I51.7;446358003
53153;HIPERTROFIA DE AURICULA DERECHA;429.3;I51.7;446358003
53153;HIPERTROFIA DE AURICULA DERECHA;429.3;I51.7;446358003
53153;HIPERTROFIA DE AURICULA DERECHA;429.3;I51.7;446358003
53153;HIPERTROFIA DE AURICULA DERECHA;429.3;I51.7;446358003
53153;HIPERTROFIA DE AURICULA DERECHA;429.3;I51.7;446358003
53153;HIPERTROFIA DE AURICULA DERECHA;429.3;I51.7;446358003
53153;HIPERTROFIA DE AURICULA DERECHA;429.3;I51.7;446358003
53153;HIPERTROFIA DE AURICULA DERECHA;429.3;I51.7;446358003
53153;HIPERTROFIA DE AURICULA DERECHA;429.3;I51.7;446358003
53153;HIPERTROFIA DE AURICULA DERECHA;429.3;I51.7;446358003
58063;LATIDOS DE FUSION;427.89;I49.8;13640000
61083;TRASTORNO DEL RITMO NODAL;427.89;R00.1;71792006
62960;ARRITMIA NODAL;427.89;R00.1;71792006
68076;HIPERTROFIA DE AURICULA IZQUIERDA;429.3;I51.7;446813000
68076;HIPERTROFIA DE AURICULA IZQUIERDA;429.3;I51.7;446813000
68076;HIPERTROFIA DE AURICULA IZQUIERDA;429.3;I51.7;446813000
68076;HIPERTROFIA DE AURICULA IZQUIERDA;429.3;I51.7;446813000
68076;HIPERTROFIA DE AURICULA IZQUIERDA;429.3;I51.7;446813000
68076;HIPERTROFIA DE AURICULA IZQUIERDA;429.3;I51.7;446813000
68076;HIPERTROFIA DE AURICULA IZQUIERDA;429.3;I51.7;446813000
68076;HIPERTROFIA DE AURICULA IZQUIERDA;429.3;I51.7;446813000
68076;HIPERTROFIA DE AURICULA IZQUIERDA;429.3;I51.7;446813000
68076;HIPERTROFIA DE AURICULA IZQUIERDA;429.3;I51.7;446813000
68076;HIPERTROFIA DE AURICULA IZQUIERDA;429.3;I51.7;446813000
69333;PULSO ALTERNANTE;427.89;R00.1;42807005
69335;TAQUICARDIA IDIOPATICA DE LA UNION AURICULOVENTRICULAR;427.89;R00.1;69730002
69338;RITMO TRIGEMINADO;427.89;R00.1;29036000
69341;PULSO TRIGEMINADO;427.89;R00.1;29036000
71925;BIGEMINISMO VENTRICULAR;427.89;R00.1;11157007
71926;TAQUICARDIA DE LA UNION AURICULOVENTRICULAR (NODAL);427.89;R00.1;251165007
71928;RITMO IDIOVENTRICULAR ACELERADO;427.89;R00.1;61277005
71929;RITMO NODAL;427.89;R00.1;11849007
75550;TAQUICARDIA NODAL POR REENTRADA SINOAURICULAR;427.89;R00.1;419752005
75551;TAQUICARDIA AURICULAR POR REENTRADA;427.89;R00.1;233893007
75556;TAQUICARDIA AURICULOVENTRICULAR POR REENTRADA;427.89;R00.1;233897008
76373;TAQUICARDIA AURICULOVENTRICULAR;427.89;R00.1;278482008
76376;TAQUICARDIA NODAL;427.89;R00.1;251165007
76399;TAQUICARDIA SUPRAVENTRICULAR;427.89;R00.1;6456007
79305;TRIGEMINIA;427.89;R00.1;29036000
80739;HIPERTROFIA DEL TABIQUE INTERVENTRICULAR;429.3;I51.7;111027004
80739;HIPERTROFIA DEL TABIQUE INTERVENTRICULAR;429.3;I51.7;111027004
80739;HIPERTROFIA DEL TABIQUE INTERVENTRICULAR;429.3;I51.7;111027004
80739;HIPERTROFIA DEL TABIQUE INTERVENTRICULAR;429.3;I51.7;111027004
80739;HIPERTROFIA DEL TABIQUE INTERVENTRICULAR;429.3;I51.7;111027004
80739;HIPERTROFIA DEL TABIQUE INTERVENTRICULAR;429.3;I51.7;111027004
80739;HIPERTROFIA DEL TABIQUE INTERVENTRICULAR;429.3;I51.7;111027004
80739;HIPERTROFIA DEL TABIQUE INTERVENTRICULAR;429.3;I51.7;111027004
80739;HIPERTROFIA DEL TABIQUE INTERVENTRICULAR;429.3;I51.7;111027004
80739;HIPERTROFIA DEL TABIQUE INTERVENTRICULAR;429.3;I51.7;111027004
80739;HIPERTROFIA DEL TABIQUE INTERVENTRICULAR;429.3;I51.7;111027004
109340;ENFERMEDAD SINOAURICULAR POSQUIRURGICA;427.89;I49.8;233914001
109354;TAQUICARDIA POSQUIRURGICA DEL HAZ DE HIS;427.89;I49.8;233903004
115400;OBSTRUCCION DE GRAN VENA PULMONAR DEBIDA A COMPRESION POR DILATACION DE AURICULA DERECHA;429.3;I51.7;472768001
115400;OBSTRUCCION DE GRAN VENA PULMONAR DEBIDA A COMPRESION POR DILATACION DE AURICULA DERECHA;429.3;I51.7;472768001
115400;OBSTRUCCION DE GRAN VENA PULMONAR DEBIDA A COMPRESION POR DILATACION DE AURICULA DERECHA;429.3;I51.7;472768001
115400;OBSTRUCCION DE GRAN VENA PULMONAR DEBIDA A COMPRESION POR DILATACION DE AURICULA DERECHA;429.3;I51.7;472768001
115400;OBSTRUCCION DE GRAN VENA PULMONAR DEBIDA A COMPRESION POR DILATACION DE AURICULA DERECHA;429.3;I51.7;472768001
115400;OBSTRUCCION DE GRAN VENA PULMONAR DEBIDA A COMPRESION POR DILATACION DE AURICULA DERECHA;429.3;I51.7;472768001
115400;OBSTRUCCION DE GRAN VENA PULMONAR DEBIDA A COMPRESION POR DILATACION DE AURICULA DERECHA;429.3;I51.7;472768001
115400;OBSTRUCCION DE GRAN VENA PULMONAR DEBIDA A COMPRESION POR DILATACION DE AURICULA DERECHA;429.3;I51.7;472768001
115400;OBSTRUCCION DE GRAN VENA PULMONAR DEBIDA A COMPRESION POR DILATACION DE AURICULA DERECHA;429.3;I51.7;472768001
115400;OBSTRUCCION DE GRAN VENA PULMONAR DEBIDA A COMPRESION POR DILATACION DE AURICULA DERECHA;429.3;I51.7;472768001
115400;OBSTRUCCION DE GRAN VENA PULMONAR DEBIDA A COMPRESION POR DILATACION DE AURICULA DERECHA;429.3;I51.7;472768001
116615;HIPERTROFIA VENTRICULAR DERECHA;429.3;I51.7;89792004
116615;HIPERTROFIA VENTRICULAR DERECHA;429.3;I51.7;89792004
116615;HIPERTROFIA VENTRICULAR DERECHA;429.3;I51.7;89792004
116615;HIPERTROFIA VENTRICULAR DERECHA;429.3;I51.7;89792004
116615;HIPERTROFIA VENTRICULAR DERECHA;429.3;I51.7;89792004
116615;HIPERTROFIA VENTRICULAR DERECHA;429.3;I51.7;89792004
116615;HIPERTROFIA VENTRICULAR DERECHA;429.3;I51.7;89792004
116615;HIPERTROFIA VENTRICULAR DERECHA;429.3;I51.7;89792004
116615;HIPERTROFIA VENTRICULAR DERECHA;429.3;I51.7;89792004
116615;HIPERTROFIA VENTRICULAR DERECHA;429.3;I51.7;89792004
116615;HIPERTROFIA VENTRICULAR DERECHA;429.3;I51.7;89792004
117154;ARRITMIA SINUSAL NORMAL;427.89;R00.1;423175003
120653;RITMO AURICULAR;427.89;I49.8;106068003
120654;RITMO DEL NODO AV;427.89;I49.8;106069006
120655;RITMO DEL NODULO AV;427.89;I49.8;106069006
120656;RITMO DEL NODULO AURICULOVENTRICULAR;427.89;I49.8;106069006
121798;HIPERTROFIA DEL TABIQUE CARDIACO INTERVENTRICULAR;429.3;I51.7;111027004
121798;HIPERTROFIA DEL TABIQUE CARDIACO INTERVENTRICULAR;429.3;I51.7;111027004
121798;HIPERTROFIA DEL TABIQUE CARDIACO INTERVENTRICULAR;429.3;I51.7;111027004
121798;HIPERTROFIA DEL TABIQUE CARDIACO INTERVENTRICULAR;429.3;I51.7;111027004
121798;HIPERTROFIA DEL TABIQUE CARDIACO INTERVENTRICULAR;429.3;I51.7;111027004
121798;HIPERTROFIA DEL TABIQUE CARDIACO INTERVENTRICULAR;429.3;I51.7;111027004
121798;HIPERTROFIA DEL TABIQUE CARDIACO INTERVENTRICULAR;429.3;I51.7;111027004
121798;HIPERTROFIA DEL TABIQUE CARDIACO INTERVENTRICULAR;429.3;I51.7;111027004
121798;HIPERTROFIA DEL TABIQUE CARDIACO INTERVENTRICULAR;429.3;I51.7;111027004
121798;HIPERTROFIA DEL TABIQUE CARDIACO INTERVENTRICULAR;429.3;I51.7;111027004
121798;HIPERTROFIA DEL TABIQUE CARDIACO INTERVENTRICULAR;429.3;I51.7;111027004
121799;HIPERTROFIA SEPTAL;429.3;I51.7;111027004
121799;HIPERTROFIA SEPTAL;429.3;I51.7;111027004
121799;HIPERTROFIA SEPTAL;429.3;I51.7;111027004
121799;HIPERTROFIA SEPTAL;429.3;I51.7;111027004
121799;HIPERTROFIA SEPTAL;429.3;I51.7;111027004
121799;HIPERTROFIA SEPTAL;429.3;I51.7;111027004
121799;HIPERTROFIA SEPTAL;429.3;I51.7;111027004
121799;HIPERTROFIA SEPTAL;429.3;I51.7;111027004
121799;HIPERTROFIA SEPTAL;429.3;I51.7;111027004
121799;HIPERTROFIA SEPTAL;429.3;I51.7;111027004
121799;HIPERTROFIA SEPTAL;429.3;I51.7;111027004
122301;FRECUENCIA ANORMAL DEL PULSO;427.89;I49.8;111972009
122478;HIPERTROFIA MIOCARDICA DETERMINADA MEDIANTE ELECTROCARDIOGRAMA;429.3;I51.7;1155004
122478;HIPERTROFIA MIOCARDICA DETERMINADA MEDIANTE ELECTROCARDIOGRAMA;429.3;I51.7;1155004
122478;HIPERTROFIA MIOCARDICA DETERMINADA MEDIANTE ELECTROCARDIOGRAMA;429.3;I51.7;1155004
122478;HIPERTROFIA MIOCARDICA DETERMINADA MEDIANTE ELECTROCARDIOGRAMA;429.3;I51.7;1155004
122478;HIPERTROFIA MIOCARDICA DETERMINADA MEDIANTE ELECTROCARDIOGRAMA;429.3;I51.7;1155004
122478;HIPERTROFIA MIOCARDICA DETERMINADA MEDIANTE ELECTROCARDIOGRAMA;429.3;I51.7;1155004
122478;HIPERTROFIA MIOCARDICA DETERMINADA MEDIANTE ELECTROCARDIOGRAMA;429.3;I51.7;1155004
122478;HIPERTROFIA MIOCARDICA DETERMINADA MEDIANTE ELECTROCARDIOGRAMA;429.3;I51.7;1155004
122478;HIPERTROFIA MIOCARDICA DETERMINADA MEDIANTE ELECTROCARDIOGRAMA;429.3;I51.7;1155004
122478;HIPERTROFIA MIOCARDICA DETERMINADA MEDIANTE ELECTROCARDIOGRAMA;429.3;I51.7;1155004
122478;HIPERTROFIA MIOCARDICA DETERMINADA MEDIANTE ELECTROCARDIOGRAMA;429.3;I51.7;1155004
122629;RITMO DE LA UNION AV;427.89;R00.1;11849007
122630;RITMO NODAL AURICULOVENTRICULAR;427.89;R00.1;11849007
122631;RITMO DE LA UNION AURICULOVENTRICULAR;427.89;R00.1;11849007
127643;HIPERTROFIA DE VENTRICULO IZQUIERDO EN EL ELECTROCARDIOGRAMA;429.3;I51.7;164873001
127643;HIPERTROFIA DE VENTRICULO IZQUIERDO EN EL ELECTROCARDIOGRAMA;429.3;I51.7;164873001
127643;HIPERTROFIA DE VENTRICULO IZQUIERDO EN EL ELECTROCARDIOGRAMA;429.3;I51.7;164873001
127643;HIPERTROFIA DE VENTRICULO IZQUIERDO EN EL ELECTROCARDIOGRAMA;429.3;I51.7;164873001
127643;HIPERTROFIA DE VENTRICULO IZQUIERDO EN EL ELECTROCARDIOGRAMA;429.3;I51.7;164873001
127643;HIPERTROFIA DE VENTRICULO IZQUIERDO EN EL ELECTROCARDIOGRAMA;429.3;I51.7;164873001
127643;HIPERTROFIA DE VENTRICULO IZQUIERDO EN EL ELECTROCARDIOGRAMA;429.3;I51.7;164873001
127643;HIPERTROFIA DE VENTRICULO IZQUIERDO EN EL ELECTROCARDIOGRAMA;429.3;I51.7;164873001
127643;HIPERTROFIA DE VENTRICULO IZQUIERDO EN EL ELECTROCARDIOGRAMA;429.3;I51.7;164873001
127643;HIPERTROFIA DE VENTRICULO IZQUIERDO EN EL ELECTROCARDIOGRAMA;429.3;I51.7;164873001
127643;HIPERTROFIA DE VENTRICULO IZQUIERDO EN EL ELECTROCARDIOGRAMA;429.3;I51.7;164873001
127644;ECG: HVI;429.3;I51.7;164873001
127644;ECG: HVI;429.3;I51.7;164873001
127644;ECG: HVI;429.3;I51.7;164873001
127644;ECG: HVI;429.3;I51.7;164873001
127644;ECG: HVI;429.3;I51.7;164873001
127644;ECG: HVI;429.3;I51.7;164873001
127644;ECG: HVI;429.3;I51.7;164873001
127644;ECG: HVI;429.3;I51.7;164873001
127644;ECG: HVI;429.3;I51.7;164873001
127644;ECG: HVI;429.3;I51.7;164873001
127644;ECG: HVI;429.3;I51.7;164873001
127645;ECG: HIPERTROFIA DE VENTRICULO IZQUIERDO;429.3;I51.7;164873001
127645;ECG: HIPERTROFIA DE VENTRICULO IZQUIERDO;429.3;I51.7;164873001
127645;ECG: HIPERTROFIA DE VENTRICULO IZQUIERDO;429.3;I51.7;164873001
127645;ECG: HIPERTROFIA DE VENTRICULO IZQUIERDO;429.3;I51.7;164873001
127645;ECG: HIPERTROFIA DE VENTRICULO IZQUIERDO;429.3;I51.7;164873001
127645;ECG: HIPERTROFIA DE VENTRICULO IZQUIERDO;429.3;I51.7;164873001
127645;ECG: HIPERTROFIA DE VENTRICULO IZQUIERDO;429.3;I51.7;164873001
127645;ECG: HIPERTROFIA DE VENTRICULO IZQUIERDO;429.3;I51.7;164873001
127645;ECG: HIPERTROFIA DE VENTRICULO IZQUIERDO;429.3;I51.7;164873001
127645;ECG: HIPERTROFIA DE VENTRICULO IZQUIERDO;429.3;I51.7;164873001
127645;ECG: HIPERTROFIA DE VENTRICULO IZQUIERDO;429.3;I51.7;164873001
127646;ELECTROCARDIOGRAMA: MUESTRA HIPERTROFIA DE VENTRICULO IZQUIERDO;429.3;I51.7;164875008
127646;ELECTROCARDIOGRAMA: MUESTRA HIPERTROFIA DE VENTRICULO IZQUIERDO;429.3;I51.7;164875008
127646;ELECTROCARDIOGRAMA: MUESTRA HIPERTROFIA DE VENTRICULO IZQUIERDO;429.3;I51.7;164875008
127646;ELECTROCARDIOGRAMA: MUESTRA HIPERTROFIA DE VENTRICULO IZQUIERDO;429.3;I51.7;164875008
127646;ELECTROCARDIOGRAMA: MUESTRA HIPERTROFIA DE VENTRICULO IZQUIERDO;429.3;I51.7;164875008
127646;ELECTROCARDIOGRAMA: MUESTRA HIPERTROFIA DE VENTRICULO IZQUIERDO;429.3;I51.7;164875008
127646;ELECTROCARDIOGRAMA: MUESTRA HIPERTROFIA DE VENTRICULO IZQUIERDO;429.3;I51.7;164875008
127646;ELECTROCARDIOGRAMA: MUESTRA HIPERTROFIA DE VENTRICULO IZQUIERDO;429.3;I51.7;164875008
127646;ELECTROCARDIOGRAMA: MUESTRA HIPERTROFIA DE VENTRICULO IZQUIERDO;429.3;I51.7;164875008
127646;ELECTROCARDIOGRAMA: MUESTRA HIPERTROFIA DE VENTRICULO IZQUIERDO;429.3;I51.7;164875008
127646;ELECTROCARDIOGRAMA: MUESTRA HIPERTROFIA DE VENTRICULO IZQUIERDO;429.3;I51.7;164875008
127647;ECG: HVD;429.3;I51.7;164877000
127647;ECG: HVD;429.3;I51.7;164877000
127647;ECG: HVD;429.3;I51.7;164877000
127647;ECG: HVD;429.3;I51.7;164877000
127647;ECG: HVD;429.3;I51.7;164877000
127647;ECG: HVD;429.3;I51.7;164877000
127647;ECG: HVD;429.3;I51.7;164877000
127647;ECG: HVD;429.3;I51.7;164877000
127647;ECG: HVD;429.3;I51.7;164877000
127647;ECG: HVD;429.3;I51.7;164877000
127647;ECG: HVD;429.3;I51.7;164877000
127648;ECG: HIPERTROFIA DEL VENTRICULO DERECHO;429.3;I51.7;164877000
127648;ECG: HIPERTROFIA DEL VENTRICULO DERECHO;429.3;I51.7;164877000
127648;ECG: HIPERTROFIA DEL VENTRICULO DERECHO;429.3;I51.7;164877000
127648;ECG: HIPERTROFIA DEL VENTRICULO DERECHO;429.3;I51.7;164877000
127648;ECG: HIPERTROFIA DEL VENTRICULO DERECHO;429.3;I51.7;164877000
127648;ECG: HIPERTROFIA DEL VENTRICULO DERECHO;429.3;I51.7;164877000
127648;ECG: HIPERTROFIA DEL VENTRICULO DERECHO;429.3;I51.7;164877000
127648;ECG: HIPERTROFIA DEL VENTRICULO DERECHO;429.3;I51.7;164877000
127648;ECG: HIPERTROFIA DEL VENTRICULO DERECHO;429.3;I51.7;164877000
127648;ECG: HIPERTROFIA DEL VENTRICULO DERECHO;429.3;I51.7;164877000
127648;ECG: HIPERTROFIA DEL VENTRICULO DERECHO;429.3;I51.7;164877000
127649;HIPERTROFIA DE VENTRICULO DERECHO EN EL ELECTROCARDIOGRAMA;429.3;I51.7;164877000
127649;HIPERTROFIA DE VENTRICULO DERECHO EN EL ELECTROCARDIOGRAMA;429.3;I51.7;164877000
127649;HIPERTROFIA DE VENTRICULO DERECHO EN EL ELECTROCARDIOGRAMA;429.3;I51.7;164877000
127649;HIPERTROFIA DE VENTRICULO DERECHO EN EL ELECTROCARDIOGRAMA;429.3;I51.7;164877000
127649;HIPERTROFIA DE VENTRICULO DERECHO EN EL ELECTROCARDIOGRAMA;429.3;I51.7;164877000
127649;HIPERTROFIA DE VENTRICULO DERECHO EN EL ELECTROCARDIOGRAMA;429.3;I51.7;164877000
127649;HIPERTROFIA DE VENTRICULO DERECHO EN EL ELECTROCARDIOGRAMA;429.3;I51.7;164877000
127649;HIPERTROFIA DE VENTRICULO DERECHO EN EL ELECTROCARDIOGRAMA;429.3;I51.7;164877000
127649;HIPERTROFIA DE VENTRICULO DERECHO EN EL ELECTROCARDIOGRAMA;429.3;I51.7;164877000
127649;HIPERTROFIA DE VENTRICULO DERECHO EN EL ELECTROCARDIOGRAMA;429.3;I51.7;164877000
127649;HIPERTROFIA DE VENTRICULO DERECHO EN EL ELECTROCARDIOGRAMA;429.3;I51.7;164877000
127650;ECG: HIPERTROFIA VENTRICULAR DERECHA;429.3;I51.7;164877000
127650;ECG: HIPERTROFIA VENTRICULAR DERECHA;429.3;I51.7;164877000
127650;ECG: HIPERTROFIA VENTRICULAR DERECHA;429.3;I51.7;164877000
127650;ECG: HIPERTROFIA VENTRICULAR DERECHA;429.3;I51.7;164877000
127650;ECG: HIPERTROFIA VENTRICULAR DERECHA;429.3;I51.7;164877000
127650;ECG: HIPERTROFIA VENTRICULAR DERECHA;429.3;I51.7;164877000
127650;ECG: HIPERTROFIA VENTRICULAR DERECHA;429.3;I51.7;164877000
127650;ECG: HIPERTROFIA VENTRICULAR DERECHA;429.3;I51.7;164877000
127650;ECG: HIPERTROFIA VENTRICULAR DERECHA;429.3;I51.7;164877000
127650;ECG: HIPERTROFIA VENTRICULAR DERECHA;429.3;I51.7;164877000
127650;ECG: HIPERTROFIA VENTRICULAR DERECHA;429.3;I51.7;164877000
129219;ARRITMIA POR ABSTINENCIA;427.89;I49.8;184004
130801;CARDIOPATIA BENIGNA CON HIPERTENSION SIN INSUFICIENCIA CARDIACA CONGESTIVA;402.90;I11.9;194766005
130801;CARDIOPATIA BENIGNA CON HIPERTENSION SIN INSUFICIENCIA CARDIACA CONGESTIVA;402.90;I11.9;194766005
130801;CARDIOPATIA BENIGNA CON HIPERTENSION SIN INSUFICIENCIA CARDIACA CONGESTIVA;402.90;I11.9;194766005
130851;HIPERTROFIA AURICULAR;429.3;I51.7;195126007
130851;HIPERTROFIA AURICULAR;429.3;I51.7;195126007
130851;HIPERTROFIA AURICULAR;429.3;I51.7;195126007
130851;HIPERTROFIA AURICULAR;429.3;I51.7;195126007
130851;HIPERTROFIA AURICULAR;429.3;I51.7;195126007
130851;HIPERTROFIA AURICULAR;429.3;I51.7;195126007
130851;HIPERTROFIA AURICULAR;429.3;I51.7;195126007
130851;HIPERTROFIA AURICULAR;429.3;I51.7;195126007
130851;HIPERTROFIA AURICULAR;429.3;I51.7;195126007
130851;HIPERTROFIA AURICULAR;429.3;I51.7;195126007
130851;HIPERTROFIA AURICULAR;429.3;I51.7;195126007
134675;GALOPE;427.89;R00.1;2170000
140622;TAQUICARDIA AURICULAR INCESANTE;427.89;I49.8;233894001
140623;TAQUICARDIA POR REENTRADA DEL NODULO AURICULOVENTRICULAR;427.89;I49.8;233896004
140637;DISFUNCION DEL NODULO SINUSAL POSTERIOR A PROCEDIMIENTO QUIRURGICO;427.89;I49.8;233914001
140638;SINDROME DE CORAZON DE ATLETA;429.3;I51.7;233931008
140638;SINDROME DE CORAZON DE ATLETA;429.3;I51.7;233931008
140638;SINDROME DE CORAZON DE ATLETA;429.3;I51.7;233931008
140638;SINDROME DE CORAZON DE ATLETA;429.3;I51.7;233931008
140638;SINDROME DE CORAZON DE ATLETA;429.3;I51.7;233931008
140638;SINDROME DE CORAZON DE ATLETA;429.3;I51.7;233931008
140638;SINDROME DE CORAZON DE ATLETA;429.3;I51.7;233931008
140638;SINDROME DE CORAZON DE ATLETA;429.3;I51.7;233931008
140638;SINDROME DE CORAZON DE ATLETA;429.3;I51.7;233931008
140638;SINDROME DE CORAZON DE ATLETA;429.3;I51.7;233931008
140638;SINDROME DE CORAZON DE ATLETA;429.3;I51.7;233931008
140876;SISTOLE ABORTADA;427.89;I49.8;23456002
144336;PULSO CON PAUSA DE LATIDOS;427.89;I49.8;248629002
144976;ARRITMIA SINUSAL SEVERA;427.89;I49.8;251152003
144981;BRADICARDIA DE LA UNION AURICULOVENTRICULAR;427.89;R00.1;251162005
144982;BRADICARDIA POR ESCAPE NODAL;427.89;R00.1;251162005
144983;BRADICARDIA DE LA UNION AV (NODAL);427.89;R00.1;251162005
144988;TAQUICARDIA DE LA UNION AURICULOVENTRICULAR;427.89;R00.1;251165007
144991;TRIGEMINISMO AURICULAR;427.89;I49.8;251174009
144997;TRIGEMINISMO VENTRICULAR;427.89;I49.8;251180001
145003;PARASISTOLE AURICULAR;427.89;I49.8;251188008
145004;ONDA P CON DESVIACION DEL EJE HACIA LA IZQUIERDA;427.89;I49.8;251193006
146243;SIGNOS ELECTROCARDIOGRAFICOS DE HIPERTROFIA DE VENTRICULO IZQUIERDO;429.3;I51.7;25488008
146243;SIGNOS ELECTROCARDIOGRAFICOS DE HIPERTROFIA DE VENTRICULO IZQUIERDO;429.3;I51.7;25488008
146243;SIGNOS ELECTROCARDIOGRAFICOS DE HIPERTROFIA DE VENTRICULO IZQUIERDO;429.3;I51.7;25488008
146243;SIGNOS ELECTROCARDIOGRAFICOS DE HIPERTROFIA DE VENTRICULO IZQUIERDO;429.3;I51.7;25488008
146243;SIGNOS ELECTROCARDIOGRAFICOS DE HIPERTROFIA DE VENTRICULO IZQUIERDO;429.3;I51.7;25488008
146243;SIGNOS ELECTROCARDIOGRAFICOS DE HIPERTROFIA DE VENTRICULO IZQUIERDO;429.3;I51.7;25488008
146243;SIGNOS ELECTROCARDIOGRAFICOS DE HIPERTROFIA DE VENTRICULO IZQUIERDO;429.3;I51.7;25488008
146243;SIGNOS ELECTROCARDIOGRAFICOS DE HIPERTROFIA DE VENTRICULO IZQUIERDO;429.3;I51.7;25488008
146243;SIGNOS ELECTROCARDIOGRAFICOS DE HIPERTROFIA DE VENTRICULO IZQUIERDO;429.3;I51.7;25488008
146243;SIGNOS ELECTROCARDIOGRAFICOS DE HIPERTROFIA DE VENTRICULO IZQUIERDO;429.3;I51.7;25488008
146243;SIGNOS ELECTROCARDIOGRAFICOS DE HIPERTROFIA DE VENTRICULO IZQUIERDO;429.3;I51.7;25488008
146244;SIGNOS ELECTROCARDIOGRAFICOS DE HIPERTROFIA DEL VENTRICULO IZQUIERDO;429.3;I51.7;25488008
146244;SIGNOS ELECTROCARDIOGRAFICOS DE HIPERTROFIA DEL VENTRICULO IZQUIERDO;429.3;I51.7;25488008
146244;SIGNOS ELECTROCARDIOGRAFICOS DE HIPERTROFIA DEL VENTRICULO IZQUIERDO;429.3;I51.7;25488008
146244;SIGNOS ELECTROCARDIOGRAFICOS DE HIPERTROFIA DEL VENTRICULO IZQUIERDO;429.3;I51.7;25488008
146244;SIGNOS ELECTROCARDIOGRAFICOS DE HIPERTROFIA DEL VENTRICULO IZQUIERDO;429.3;I51.7;25488008
146244;SIGNOS ELECTROCARDIOGRAFICOS DE HIPERTROFIA DEL VENTRICULO IZQUIERDO;429.3;I51.7;25488008
146244;SIGNOS ELECTROCARDIOGRAFICOS DE HIPERTROFIA DEL VENTRICULO IZQUIERDO;429.3;I51.7;25488008
146244;SIGNOS ELECTROCARDIOGRAFICOS DE HIPERTROFIA DEL VENTRICULO IZQUIERDO;429.3;I51.7;25488008
146244;SIGNOS ELECTROCARDIOGRAFICOS DE HIPERTROFIA DEL VENTRICULO IZQUIERDO;429.3;I51.7;25488008
146244;SIGNOS ELECTROCARDIOGRAFICOS DE HIPERTROFIA DEL VENTRICULO IZQUIERDO;429.3;I51.7;25488008
146244;SIGNOS ELECTROCARDIOGRAFICOS DE HIPERTROFIA DEL VENTRICULO IZQUIERDO;429.3;I51.7;25488008
146245;ECG CON SIGNOS DE HVI;429.3;I51.7;25488008
146245;ECG CON SIGNOS DE HVI;429.3;I51.7;25488008
146245;ECG CON SIGNOS DE HVI;429.3;I51.7;25488008
146245;ECG CON SIGNOS DE HVI;429.3;I51.7;25488008
146245;ECG CON SIGNOS DE HVI;429.3;I51.7;25488008
146245;ECG CON SIGNOS DE HVI;429.3;I51.7;25488008
146245;ECG CON SIGNOS DE HVI;429.3;I51.7;25488008
146245;ECG CON SIGNOS DE HVI;429.3;I51.7;25488008
146245;ECG CON SIGNOS DE HVI;429.3;I51.7;25488008
146245;ECG CON SIGNOS DE HVI;429.3;I51.7;25488008
146245;ECG CON SIGNOS DE HVI;429.3;I51.7;25488008
147167;HIPERTROFIA VENTRICULAR;429.3;I51.7;266249003
147167;HIPERTROFIA VENTRICULAR;429.3;I51.7;266249003
147167;HIPERTROFIA VENTRICULAR;429.3;I51.7;266249003
147167;HIPERTROFIA VENTRICULAR;429.3;I51.7;266249003
147167;HIPERTROFIA VENTRICULAR;429.3;I51.7;266249003
147167;HIPERTROFIA VENTRICULAR;429.3;I51.7;266249003
147167;HIPERTROFIA VENTRICULAR;429.3;I51.7;266249003
147167;HIPERTROFIA VENTRICULAR;429.3;I51.7;266249003
147167;HIPERTROFIA VENTRICULAR;429.3;I51.7;266249003
147167;HIPERTROFIA VENTRICULAR;429.3;I51.7;266249003
147167;HIPERTROFIA VENTRICULAR;429.3;I51.7;266249003
147711;TAQUICARDIA AURICULAR ECTOPICA CRONICA;427.89;I49.8;26950008
147987;PULSO IRREGULAR INTERMITENTE;427.89;I49.8;271637005
147988;PULSO UNIFORMEMENTE IRREGULAR;427.89;I49.8;271638000
147990;PULSO EN MESETA;427.89;I49.8;271641009
148285;LATIDO DEL VERTICE DESPLAZADO - LVH;427.89;I49.8;274614000
148286;LATIDO DEL VERTICE DESPLAZADO - HVI;427.89;I49.8;274614000
148287;LATIDO DEL VERTICE DESPLAZADO - RVH;427.89;I49.8;274615004
148288;LATIDO DEL VERTICE DESPLAZADO - HVD;427.89;I49.8;274615004
148289;LATIDO DEL VERTICE DESPLAZADO - HIPERTROFIA VENTRICULAR DERECHA;427.89;I49.8;274615004
148540;CARDIOMEGALIA - HIPERTENSIVA;402.90;I11.9;275516004
148540;CARDIOMEGALIA - HIPERTENSIVA;402.90;I11.9;275516004
148540;CARDIOMEGALIA - HIPERTENSIVA;402.90;I11.9;275516004
149166;BRADICARDIA BASAL;427.89;I49.8;278085001
151214;RITMO TRIGEMINAL;427.89;R00.1;29036000
153305;TUMEFACCION DE ESTRUCTURA CARDIOVASCULAR;429.3;I51.7;300876006
153305;TUMEFACCION DE ESTRUCTURA CARDIOVASCULAR;429.3;I51.7;300876006
153305;TUMEFACCION DE ESTRUCTURA CARDIOVASCULAR;429.3;I51.7;300876006
153305;TUMEFACCION DE ESTRUCTURA CARDIOVASCULAR;429.3;I51.7;300876006
153305;TUMEFACCION DE ESTRUCTURA CARDIOVASCULAR;429.3;I51.7;300876006
153305;TUMEFACCION DE ESTRUCTURA CARDIOVASCULAR;429.3;I51.7;300876006
153305;TUMEFACCION DE ESTRUCTURA CARDIOVASCULAR;429.3;I51.7;300876006
153305;TUMEFACCION DE ESTRUCTURA CARDIOVASCULAR;429.3;I51.7;300876006
153305;TUMEFACCION DE ESTRUCTURA CARDIOVASCULAR;429.3;I51.7;300876006
153305;TUMEFACCION DE ESTRUCTURA CARDIOVASCULAR;429.3;I51.7;300876006
153305;TUMEFACCION DE ESTRUCTURA CARDIOVASCULAR;429.3;I51.7;300876006
155230;TAQUICARDIA VENTRICULAR POLIMORFA EN ENTORCHADO;427.89;I49.8;31722008
155867;DEFICIT DE PULSO;427.89;I49.8;34624004
157010;HALLAZGO DEL PULSO;427.89;I49.8;366199006
157979;HIPOQUINESIA LEVE DE LA PARED CARDIACA;427.89;I49.8;371868005
157980;HIPOCINESIA LEVE DE LA PARED CARDIACA;427.89;I49.8;371868005
157981;HIPOQUINESIA MODERADA DE LA PARED CARDIACA;427.89;R00.1;371869002
158248;CAMARA CARDIACA LEVEMENTE AGRANDADA;429.3;I51.7;373126002
158248;CAMARA CARDIACA LEVEMENTE AGRANDADA;429.3;I51.7;373126002
158248;CAMARA CARDIACA LEVEMENTE AGRANDADA;429.3;I51.7;373126002
158248;CAMARA CARDIACA LEVEMENTE AGRANDADA;429.3;I51.7;373126002
158248;CAMARA CARDIACA LEVEMENTE AGRANDADA;429.3;I51.7;373126002
158248;CAMARA CARDIACA LEVEMENTE AGRANDADA;429.3;I51.7;373126002
158248;CAMARA CARDIACA LEVEMENTE AGRANDADA;429.3;I51.7;373126002
158248;CAMARA CARDIACA LEVEMENTE AGRANDADA;429.3;I51.7;373126002
158248;CAMARA CARDIACA LEVEMENTE AGRANDADA;429.3;I51.7;373126002
158248;CAMARA CARDIACA LEVEMENTE AGRANDADA;429.3;I51.7;373126002
158248;CAMARA CARDIACA LEVEMENTE AGRANDADA;429.3;I51.7;373126002
158249;CAMARA CARDIACA MODERADAMENTE AGRANDADA;429.3;I51.7;373127006
158249;CAMARA CARDIACA MODERADAMENTE AGRANDADA;429.3;I51.7;373127006
158249;CAMARA CARDIACA MODERADAMENTE AGRANDADA;429.3;I51.7;373127006
158249;CAMARA CARDIACA MODERADAMENTE AGRANDADA;429.3;I51.7;373127006
158249;CAMARA CARDIACA MODERADAMENTE AGRANDADA;429.3;I51.7;373127006
158249;CAMARA CARDIACA MODERADAMENTE AGRANDADA;429.3;I51.7;373127006
158249;CAMARA CARDIACA MODERADAMENTE AGRANDADA;429.3;I51.7;373127006
158249;CAMARA CARDIACA MODERADAMENTE AGRANDADA;429.3;I51.7;373127006
158249;CAMARA CARDIACA MODERADAMENTE AGRANDADA;429.3;I51.7;373127006
158249;CAMARA CARDIACA MODERADAMENTE AGRANDADA;429.3;I51.7;373127006
158249;CAMARA CARDIACA MODERADAMENTE AGRANDADA;429.3;I51.7;373127006
158250;CAMARA CARDIACA NOTABLEMENTE AGRANDADA;429.3;I51.7;373128001
158250;CAMARA CARDIACA NOTABLEMENTE AGRANDADA;429.3;I51.7;373128001
158250;CAMARA CARDIACA NOTABLEMENTE AGRANDADA;429.3;I51.7;373128001
158250;CAMARA CARDIACA NOTABLEMENTE AGRANDADA;429.3;I51.7;373128001
158250;CAMARA CARDIACA NOTABLEMENTE AGRANDADA;429.3;I51.7;373128001
158250;CAMARA CARDIACA NOTABLEMENTE AGRANDADA;429.3;I51.7;373128001
158250;CAMARA CARDIACA NOTABLEMENTE AGRANDADA;429.3;I51.7;373128001
158250;CAMARA CARDIACA NOTABLEMENTE AGRANDADA;429.3;I51.7;373128001
158250;CAMARA CARDIACA NOTABLEMENTE AGRANDADA;429.3;I51.7;373128001
158250;CAMARA CARDIACA NOTABLEMENTE AGRANDADA;429.3;I51.7;373128001
158250;CAMARA CARDIACA NOTABLEMENTE AGRANDADA;429.3;I51.7;373128001
159109;PULSO RADIAL ANORMAL;427.89;I49.8;39435002
161286;MARCAPASOS MIGRATORIO;427.89;I49.8;406462006
162090;PULSO DE DOBLE LATIDO;427.89;I49.8;415216000
162589;TAQUICARDIA AURICULAR POSTINCISIONAL;427.89;I49.8;418493005
162590;TAQUICARDIA AURICULAR POSINCISIONAL;427.89;I49.8;418493005
162721;TAQUICARDIA INCISIONAL;427.89;I49.8;419400008
163007;BRADIARRITMIA;427.89;I49.8;421869004
163439;TAQUICARDIA SINUSAL INADECUADA;427.89;I49.8;425582007
164110;DILATACION ISQUEMICA TRANSITORIA DE LA CAVIDAD VENTRICULAR IZQUIERDA;429.3;I51.7;429710001
164110;DILATACION ISQUEMICA TRANSITORIA DE LA CAVIDAD VENTRICULAR IZQUIERDA;429.3;I51.7;429710001
164110;DILATACION ISQUEMICA TRANSITORIA DE LA CAVIDAD VENTRICULAR IZQUIERDA;429.3;I51.7;429710001
164110;DILATACION ISQUEMICA TRANSITORIA DE LA CAVIDAD VENTRICULAR IZQUIERDA;429.3;I51.7;429710001
164110;DILATACION ISQUEMICA TRANSITORIA DE LA CAVIDAD VENTRICULAR IZQUIERDA;429.3;I51.7;429710001
164110;DILATACION ISQUEMICA TRANSITORIA DE LA CAVIDAD VENTRICULAR IZQUIERDA;429.3;I51.7;429710001
164110;DILATACION ISQUEMICA TRANSITORIA DE LA CAVIDAD VENTRICULAR IZQUIERDA;429.3;I51.7;429710001
164110;DILATACION ISQUEMICA TRANSITORIA DE LA CAVIDAD VENTRICULAR IZQUIERDA;429.3;I51.7;429710001
164110;DILATACION ISQUEMICA TRANSITORIA DE LA CAVIDAD VENTRICULAR IZQUIERDA;429.3;I51.7;429710001
164110;DILATACION ISQUEMICA TRANSITORIA DE LA CAVIDAD VENTRICULAR IZQUIERDA;429.3;I51.7;429710001
164110;DILATACION ISQUEMICA TRANSITORIA DE LA CAVIDAD VENTRICULAR IZQUIERDA;429.3;I51.7;429710001
165006;CORAZON BOVINO;429.3;I51.7;443414005
165006;CORAZON BOVINO;429.3;I51.7;443414005
165006;CORAZON BOVINO;429.3;I51.7;443414005
165006;CORAZON BOVINO;429.3;I51.7;443414005
165006;CORAZON BOVINO;429.3;I51.7;443414005
165006;CORAZON BOVINO;429.3;I51.7;443414005
165006;CORAZON BOVINO;429.3;I51.7;443414005
165006;CORAZON BOVINO;429.3;I51.7;443414005
165006;CORAZON BOVINO;429.3;I51.7;443414005
165006;CORAZON BOVINO;429.3;I51.7;443414005
165006;CORAZON BOVINO;429.3;I51.7;443414005
165048;CARDIOMEGALIA HIPERTROFICA;429.3;I51.7;443762000
165048;CARDIOMEGALIA HIPERTROFICA;429.3;I51.7;443762000
165048;CARDIOMEGALIA HIPERTROFICA;429.3;I51.7;443762000
165048;CARDIOMEGALIA HIPERTROFICA;429.3;I51.7;443762000
165048;CARDIOMEGALIA HIPERTROFICA;429.3;I51.7;443762000
165048;CARDIOMEGALIA HIPERTROFICA;429.3;I51.7;443762000
165048;CARDIOMEGALIA HIPERTROFICA;429.3;I51.7;443762000
165048;CARDIOMEGALIA HIPERTROFICA;429.3;I51.7;443762000
165048;CARDIOMEGALIA HIPERTROFICA;429.3;I51.7;443762000
165048;CARDIOMEGALIA HIPERTROFICA;429.3;I51.7;443762000
165048;CARDIOMEGALIA HIPERTROFICA;429.3;I51.7;443762000
165546;HIPERTROFIA AURICULAR IZQUIERDA;429.3;I51.7;446813000
165546;HIPERTROFIA AURICULAR IZQUIERDA;429.3;I51.7;446813000
165546;HIPERTROFIA AURICULAR IZQUIERDA;429.3;I51.7;446813000
165546;HIPERTROFIA AURICULAR IZQUIERDA;429.3;I51.7;446813000
165546;HIPERTROFIA AURICULAR IZQUIERDA;429.3;I51.7;446813000
165546;HIPERTROFIA AURICULAR IZQUIERDA;429.3;I51.7;446813000
165546;HIPERTROFIA AURICULAR IZQUIERDA;429.3;I51.7;446813000
165546;HIPERTROFIA AURICULAR IZQUIERDA;429.3;I51.7;446813000
165546;HIPERTROFIA AURICULAR IZQUIERDA;429.3;I51.7;446813000
165546;HIPERTROFIA AURICULAR IZQUIERDA;429.3;I51.7;446813000
165546;HIPERTROFIA AURICULAR IZQUIERDA;429.3;I51.7;446813000
166762;PULSO LABIL;427.89;I49.8;45907000
166776;GALOPE POR CUARTO RUIDO;427.89;R00.1;4592006
166777;GALOPE POR R4;427.89;R00.1;4592006
166931;HIPERTENSION DE VENTRICULO DERECHO;402.90;I11.9;461321006
166931;HIPERTENSION DE VENTRICULO DERECHO;402.90;I11.9;461321006
166931;HIPERTENSION DE VENTRICULO DERECHO;402.90;I11.9;461321006
167371;BRADICARDIA AUTONOMICA VAGAL DE LA PREMATUREZ;427.89;R00.1;473006003
167748;LATIDOS CARDIACOS LENTOS;427.89;R00.1;48867003
167749;FRECUENCIA CARDIACA BAJA;427.89;R00.1;48867003
168447;PULSO PARADOJICO;427.89;I49.8;52099006
168448;PULSO DE KUSSMAUL;427.89;I49.8;52099006
168459;PULSO ABRUPTO;427.89;I49.8;52147007
169129;HIPERTROFIA DEL VENTRICULO IZQUIERDO;429.3;I51.7;55827005
169129;HIPERTROFIA DEL VENTRICULO IZQUIERDO;429.3;I51.7;55827005
169129;HIPERTROFIA DEL VENTRICULO IZQUIERDO;429.3;I51.7;55827005
169129;HIPERTROFIA DEL VENTRICULO IZQUIERDO;429.3;I51.7;55827005
169129;HIPERTROFIA DEL VENTRICULO IZQUIERDO;429.3;I51.7;55827005
169129;HIPERTROFIA DEL VENTRICULO IZQUIERDO;429.3;I51.7;55827005
169129;HIPERTROFIA DEL VENTRICULO IZQUIERDO;429.3;I51.7;55827005
169129;HIPERTROFIA DEL VENTRICULO IZQUIERDO;429.3;I51.7;55827005
169129;HIPERTROFIA DEL VENTRICULO IZQUIERDO;429.3;I51.7;55827005
169129;HIPERTROFIA DEL VENTRICULO IZQUIERDO;429.3;I51.7;55827005
169129;HIPERTROFIA DEL VENTRICULO IZQUIERDO;429.3;I51.7;55827005
169658;PULSO PEQUEÑO;427.89;I49.8;58283004
169659;PULSO PARVUS;427.89;I49.8;58283004
169669;PULSO DICROTICO;427.89;I49.8;5838006
170221;CARDIOPATIA HIPERTENSIVA SIN INSUFICIENCIA CARDIACA CONGESTIVA;402.90;I11.9;60899001
170221;CARDIOPATIA HIPERTENSIVA SIN INSUFICIENCIA CARDIACA CONGESTIVA;402.90;I11.9;60899001
170221;CARDIOPATIA HIPERTENSIVA SIN INSUFICIENCIA CARDIACA CONGESTIVA;402.90;I11.9;60899001
170428;PULSO IRREGULAR;427.89;I49.8;61086009
170429;PULSO ALORRITMICO;427.89;I49.8;61086009
170649;DILATACION VENTRICULAR;429.3;I51.7;6210001
170649;DILATACION VENTRICULAR;429.3;I51.7;6210001
170649;DILATACION VENTRICULAR;429.3;I51.7;6210001
170649;DILATACION VENTRICULAR;429.3;I51.7;6210001
170649;DILATACION VENTRICULAR;429.3;I51.7;6210001
170649;DILATACION VENTRICULAR;429.3;I51.7;6210001
170649;DILATACION VENTRICULAR;429.3;I51.7;6210001
170649;DILATACION VENTRICULAR;429.3;I51.7;6210001
170649;DILATACION VENTRICULAR;429.3;I51.7;6210001
170649;DILATACION VENTRICULAR;429.3;I51.7;6210001
170649;DILATACION VENTRICULAR;429.3;I51.7;6210001
171013;PULSO ANADICROTICO;427.89;I49.8;63791005
171388;PULSO BIGEMINADO;427.89;I49.8;65728005
171389;PULSO DOBLE;427.89;I49.8;65728005
171787;AGRANDAMIENTO DE AURICULA IZQUIERDA;429.3;I51.7;67741000119109
171787;AGRANDAMIENTO DE AURICULA IZQUIERDA;429.3;I51.7;67741000119109
171787;AGRANDAMIENTO DE AURICULA IZQUIERDA;429.3;I51.7;67741000119109
171787;AGRANDAMIENTO DE AURICULA IZQUIERDA;429.3;I51.7;67741000119109
171787;AGRANDAMIENTO DE AURICULA IZQUIERDA;429.3;I51.7;67741000119109
171787;AGRANDAMIENTO DE AURICULA IZQUIERDA;429.3;I51.7;67741000119109
171787;AGRANDAMIENTO DE AURICULA IZQUIERDA;429.3;I51.7;67741000119109
171787;AGRANDAMIENTO DE AURICULA IZQUIERDA;429.3;I51.7;67741000119109
171787;AGRANDAMIENTO DE AURICULA IZQUIERDA;429.3;I51.7;67741000119109
171787;AGRANDAMIENTO DE AURICULA IZQUIERDA;429.3;I51.7;67741000119109
171787;AGRANDAMIENTO DE AURICULA IZQUIERDA;429.3;I51.7;67741000119109
172295;CANALOPATIA CARDIACA;427.89;I49.8;698271000
174829;MARCAPASOS AURICULAR ECTOPICO;427.89;I49.8;73712003
175648;SIGNOS ELECTROCARDIOGRAFICOS DE HIPERTROFIA DE AURICULA DERECHA;429.3;I51.7;77566008
175648;SIGNOS ELECTROCARDIOGRAFICOS DE HIPERTROFIA DE AURICULA DERECHA;429.3;I51.7;77566008
175648;SIGNOS ELECTROCARDIOGRAFICOS DE HIPERTROFIA DE AURICULA DERECHA;429.3;I51.7;77566008
175648;SIGNOS ELECTROCARDIOGRAFICOS DE HIPERTROFIA DE AURICULA DERECHA;429.3;I51.7;77566008
175648;SIGNOS ELECTROCARDIOGRAFICOS DE HIPERTROFIA DE AURICULA DERECHA;429.3;I51.7;77566008
175648;SIGNOS ELECTROCARDIOGRAFICOS DE HIPERTROFIA DE AURICULA DERECHA;429.3;I51.7;77566008
175648;SIGNOS ELECTROCARDIOGRAFICOS DE HIPERTROFIA DE AURICULA DERECHA;429.3;I51.7;77566008
175648;SIGNOS ELECTROCARDIOGRAFICOS DE HIPERTROFIA DE AURICULA DERECHA;429.3;I51.7;77566008
175648;SIGNOS ELECTROCARDIOGRAFICOS DE HIPERTROFIA DE AURICULA DERECHA;429.3;I51.7;77566008
175648;SIGNOS ELECTROCARDIOGRAFICOS DE HIPERTROFIA DE AURICULA DERECHA;429.3;I51.7;77566008
175648;SIGNOS ELECTROCARDIOGRAFICOS DE HIPERTROFIA DE AURICULA DERECHA;429.3;I51.7;77566008
175649;ECG CON SIGNOS DE HAD;429.3;I51.7;77566008
175649;ECG CON SIGNOS DE HAD;429.3;I51.7;77566008
175649;ECG CON SIGNOS DE HAD;429.3;I51.7;77566008
175649;ECG CON SIGNOS DE HAD;429.3;I51.7;77566008
175649;ECG CON SIGNOS DE HAD;429.3;I51.7;77566008
175649;ECG CON SIGNOS DE HAD;429.3;I51.7;77566008
175649;ECG CON SIGNOS DE HAD;429.3;I51.7;77566008
175649;ECG CON SIGNOS DE HAD;429.3;I51.7;77566008
175649;ECG CON SIGNOS DE HAD;429.3;I51.7;77566008
175649;ECG CON SIGNOS DE HAD;429.3;I51.7;77566008
175649;ECG CON SIGNOS DE HAD;429.3;I51.7;77566008
176458;CORAZON AGRANDADO;429.3;I51.7;8186001
176458;CORAZON AGRANDADO;429.3;I51.7;8186001
176458;CORAZON AGRANDADO;429.3;I51.7;8186001
176458;CORAZON AGRANDADO;429.3;I51.7;8186001
176458;CORAZON AGRANDADO;429.3;I51.7;8186001
176458;CORAZON AGRANDADO;429.3;I51.7;8186001
176458;CORAZON AGRANDADO;429.3;I51.7;8186001
176458;CORAZON AGRANDADO;429.3;I51.7;8186001
176458;CORAZON AGRANDADO;429.3;I51.7;8186001
176458;CORAZON AGRANDADO;429.3;I51.7;8186001
176458;CORAZON AGRANDADO;429.3;I51.7;8186001
176540;SIGNOS ELECTROCARDIOGRAFICOS DE HIPERTROFIA AURICULAR;429.3;I51.7;82281000
176540;SIGNOS ELECTROCARDIOGRAFICOS DE HIPERTROFIA AURICULAR;429.3;I51.7;82281000
176540;SIGNOS ELECTROCARDIOGRAFICOS DE HIPERTROFIA AURICULAR;429.3;I51.7;82281000
176540;SIGNOS ELECTROCARDIOGRAFICOS DE HIPERTROFIA AURICULAR;429.3;I51.7;82281000
176540;SIGNOS ELECTROCARDIOGRAFICOS DE HIPERTROFIA AURICULAR;429.3;I51.7;82281000
176540;SIGNOS ELECTROCARDIOGRAFICOS DE HIPERTROFIA AURICULAR;429.3;I51.7;82281000
176540;SIGNOS ELECTROCARDIOGRAFICOS DE HIPERTROFIA AURICULAR;429.3;I51.7;82281000
176540;SIGNOS ELECTROCARDIOGRAFICOS DE HIPERTROFIA AURICULAR;429.3;I51.7;82281000
176540;SIGNOS ELECTROCARDIOGRAFICOS DE HIPERTROFIA AURICULAR;429.3;I51.7;82281000
176540;SIGNOS ELECTROCARDIOGRAFICOS DE HIPERTROFIA AURICULAR;429.3;I51.7;82281000
176540;SIGNOS ELECTROCARDIOGRAFICOS DE HIPERTROFIA AURICULAR;429.3;I51.7;82281000
177522;SIGNOS ELECTROCARDIOGRAFICOS DE HIPERTROFIA DE LA AURICULA IZQUIERDA;429.3;I51.7;87469009
177522;SIGNOS ELECTROCARDIOGRAFICOS DE HIPERTROFIA DE LA AURICULA IZQUIERDA;429.3;I51.7;87469009
177522;SIGNOS ELECTROCARDIOGRAFICOS DE HIPERTROFIA DE LA AURICULA IZQUIERDA;429.3;I51.7;87469009
177522;SIGNOS ELECTROCARDIOGRAFICOS DE HIPERTROFIA DE LA AURICULA IZQUIERDA;429.3;I51.7;87469009
177522;SIGNOS ELECTROCARDIOGRAFICOS DE HIPERTROFIA DE LA AURICULA IZQUIERDA;429.3;I51.7;87469009
177522;SIGNOS ELECTROCARDIOGRAFICOS DE HIPERTROFIA DE LA AURICULA IZQUIERDA;429.3;I51.7;87469009
177522;SIGNOS ELECTROCARDIOGRAFICOS DE HIPERTROFIA DE LA AURICULA IZQUIERDA;429.3;I51.7;87469009
177522;SIGNOS ELECTROCARDIOGRAFICOS DE HIPERTROFIA DE LA AURICULA IZQUIERDA;429.3;I51.7;87469009
177522;SIGNOS ELECTROCARDIOGRAFICOS DE HIPERTROFIA DE LA AURICULA IZQUIERDA;429.3;I51.7;87469009
177522;SIGNOS ELECTROCARDIOGRAFICOS DE HIPERTROFIA DE LA AURICULA IZQUIERDA;429.3;I51.7;87469009
177522;SIGNOS ELECTROCARDIOGRAFICOS DE HIPERTROFIA DE LA AURICULA IZQUIERDA;429.3;I51.7;87469009
177523;SIGNOS ELECTROCARDIOGRAFICOS DE HIPERTROFIA AURICULAR IZQUIERDA;429.3;I51.7;87469009
177523;SIGNOS ELECTROCARDIOGRAFICOS DE HIPERTROFIA AURICULAR IZQUIERDA;429.3;I51.7;87469009
177523;SIGNOS ELECTROCARDIOGRAFICOS DE HIPERTROFIA AURICULAR IZQUIERDA;429.3;I51.7;87469009
177523;SIGNOS ELECTROCARDIOGRAFICOS DE HIPERTROFIA AURICULAR IZQUIERDA;429.3;I51.7;87469009
177523;SIGNOS ELECTROCARDIOGRAFICOS DE HIPERTROFIA AURICULAR IZQUIERDA;429.3;I51.7;87469009
177523;SIGNOS ELECTROCARDIOGRAFICOS DE HIPERTROFIA AURICULAR IZQUIERDA;429.3;I51.7;87469009
177523;SIGNOS ELECTROCARDIOGRAFICOS DE HIPERTROFIA AURICULAR IZQUIERDA;429.3;I51.7;87469009
177523;SIGNOS ELECTROCARDIOGRAFICOS DE HIPERTROFIA AURICULAR IZQUIERDA;429.3;I51.7;87469009
177523;SIGNOS ELECTROCARDIOGRAFICOS DE HIPERTROFIA AURICULAR IZQUIERDA;429.3;I51.7;87469009
177523;SIGNOS ELECTROCARDIOGRAFICOS DE HIPERTROFIA AURICULAR IZQUIERDA;429.3;I51.7;87469009
177523;SIGNOS ELECTROCARDIOGRAFICOS DE HIPERTROFIA AURICULAR IZQUIERDA;429.3;I51.7;87469009
177920;SIGNOS ELECTROCARDIOGRAFICOS DE HIPERTROFIA VENTRICULAR DERECHA;429.3;I51.7;89596004
177920;SIGNOS ELECTROCARDIOGRAFICOS DE HIPERTROFIA VENTRICULAR DERECHA;429.3;I51.7;89596004
177920;SIGNOS ELECTROCARDIOGRAFICOS DE HIPERTROFIA VENTRICULAR DERECHA;429.3;I51.7;89596004
177920;SIGNOS ELECTROCARDIOGRAFICOS DE HIPERTROFIA VENTRICULAR DERECHA;429.3;I51.7;89596004
177920;SIGNOS ELECTROCARDIOGRAFICOS DE HIPERTROFIA VENTRICULAR DERECHA;429.3;I51.7;89596004
177920;SIGNOS ELECTROCARDIOGRAFICOS DE HIPERTROFIA VENTRICULAR DERECHA;429.3;I51.7;89596004
177920;SIGNOS ELECTROCARDIOGRAFICOS DE HIPERTROFIA VENTRICULAR DERECHA;429.3;I51.7;89596004
177920;SIGNOS ELECTROCARDIOGRAFICOS DE HIPERTROFIA VENTRICULAR DERECHA;429.3;I51.7;89596004
177920;SIGNOS ELECTROCARDIOGRAFICOS DE HIPERTROFIA VENTRICULAR DERECHA;429.3;I51.7;89596004
177920;SIGNOS ELECTROCARDIOGRAFICOS DE HIPERTROFIA VENTRICULAR DERECHA;429.3;I51.7;89596004
177920;SIGNOS ELECTROCARDIOGRAFICOS DE HIPERTROFIA VENTRICULAR DERECHA;429.3;I51.7;89596004
177921;SIGNOS ELECTROCARDIOGRAFICOS DE HIPERTROFIA DEL VENTRICULO DERECHO;429.3;I51.7;89596004
177921;SIGNOS ELECTROCARDIOGRAFICOS DE HIPERTROFIA DEL VENTRICULO DERECHO;429.3;I51.7;89596004
177921;SIGNOS ELECTROCARDIOGRAFICOS DE HIPERTROFIA DEL VENTRICULO DERECHO;429.3;I51.7;89596004
177921;SIGNOS ELECTROCARDIOGRAFICOS DE HIPERTROFIA DEL VENTRICULO DERECHO;429.3;I51.7;89596004
177921;SIGNOS ELECTROCARDIOGRAFICOS DE HIPERTROFIA DEL VENTRICULO DERECHO;429.3;I51.7;89596004
177921;SIGNOS ELECTROCARDIOGRAFICOS DE HIPERTROFIA DEL VENTRICULO DERECHO;429.3;I51.7;89596004
177921;SIGNOS ELECTROCARDIOGRAFICOS DE HIPERTROFIA DEL VENTRICULO DERECHO;429.3;I51.7;89596004
177921;SIGNOS ELECTROCARDIOGRAFICOS DE HIPERTROFIA DEL VENTRICULO DERECHO;429.3;I51.7;89596004
177921;SIGNOS ELECTROCARDIOGRAFICOS DE HIPERTROFIA DEL VENTRICULO DERECHO;429.3;I51.7;89596004
177921;SIGNOS ELECTROCARDIOGRAFICOS DE HIPERTROFIA DEL VENTRICULO DERECHO;429.3;I51.7;89596004
177921;SIGNOS ELECTROCARDIOGRAFICOS DE HIPERTROFIA DEL VENTRICULO DERECHO;429.3;I51.7;89596004
177922;ECG CON SIGNOS DE HVD;429.3;I51.7;89596004
177922;ECG CON SIGNOS DE HVD;429.3;I51.7;89596004
177922;ECG CON SIGNOS DE HVD;429.3;I51.7;89596004
177922;ECG CON SIGNOS DE HVD;429.3;I51.7;89596004
177922;ECG CON SIGNOS DE HVD;429.3;I51.7;89596004
177922;ECG CON SIGNOS DE HVD;429.3;I51.7;89596004
177922;ECG CON SIGNOS DE HVD;429.3;I51.7;89596004
177922;ECG CON SIGNOS DE HVD;429.3;I51.7;89596004
177922;ECG CON SIGNOS DE HVD;429.3;I51.7;89596004
177922;ECG CON SIGNOS DE HVD;429.3;I51.7;89596004
177922;ECG CON SIGNOS DE HVD;429.3;I51.7;89596004
179401;DILATACION CONGENITA DEL VENTRICULO CARDIACO;429.3;I51.7;93053007
179401;DILATACION CONGENITA DEL VENTRICULO CARDIACO;429.3;I51.7;93053007
179401;DILATACION CONGENITA DEL VENTRICULO CARDIACO;429.3;I51.7;93053007
179401;DILATACION CONGENITA DEL VENTRICULO CARDIACO;429.3;I51.7;93053007
179401;DILATACION CONGENITA DEL VENTRICULO CARDIACO;429.3;I51.7;93053007
179401;DILATACION CONGENITA DEL VENTRICULO CARDIACO;429.3;I51.7;93053007
179401;DILATACION CONGENITA DEL VENTRICULO CARDIACO;429.3;I51.7;93053007
179401;DILATACION CONGENITA DEL VENTRICULO CARDIACO;429.3;I51.7;93053007
179401;DILATACION CONGENITA DEL VENTRICULO CARDIACO;429.3;I51.7;93053007
179401;DILATACION CONGENITA DEL VENTRICULO CARDIACO;429.3;I51.7;93053007
179401;DILATACION CONGENITA DEL VENTRICULO CARDIACO;429.3;I51.7;93053007
179408;AGRANDAMIENTO CONGENITO DE LA VALVULA AORTICA;429.3;I51.7;93069000
179408;AGRANDAMIENTO CONGENITO DE LA VALVULA AORTICA;429.3;I51.7;93069000
179408;AGRANDAMIENTO CONGENITO DE LA VALVULA AORTICA;429.3;I51.7;93069000
179408;AGRANDAMIENTO CONGENITO DE LA VALVULA AORTICA;429.3;I51.7;93069000
179408;AGRANDAMIENTO CONGENITO DE LA VALVULA AORTICA;429.3;I51.7;93069000
179408;AGRANDAMIENTO CONGENITO DE LA VALVULA AORTICA;429.3;I51.7;93069000
179408;AGRANDAMIENTO CONGENITO DE LA VALVULA AORTICA;429.3;I51.7;93069000
179408;AGRANDAMIENTO CONGENITO DE LA VALVULA AORTICA;429.3;I51.7;93069000
179408;AGRANDAMIENTO CONGENITO DE LA VALVULA AORTICA;429.3;I51.7;93069000
179408;AGRANDAMIENTO CONGENITO DE LA VALVULA AORTICA;429.3;I51.7;93069000
179408;AGRANDAMIENTO CONGENITO DE LA VALVULA AORTICA;429.3;I51.7;93069000
179411;VALVULA PULMONAR AGRANDADA CONGENITA;429.3;Q22.3;93075009
179411;VALVULA PULMONAR AGRANDADA CONGENITA;429.3;Q22.3;93075009
179411;VALVULA PULMONAR AGRANDADA CONGENITA;429.3;Q22.3;93075009
179411;VALVULA PULMONAR AGRANDADA CONGENITA;429.3;Q22.3;93075009
179411;VALVULA PULMONAR AGRANDADA CONGENITA;429.3;Q22.3;93075009
179411;VALVULA PULMONAR AGRANDADA CONGENITA;429.3;Q22.3;93075009
179411;VALVULA PULMONAR AGRANDADA CONGENITA;429.3;Q22.3;93075009
179411;VALVULA PULMONAR AGRANDADA CONGENITA;429.3;Q22.3;93075009
179411;VALVULA PULMONAR AGRANDADA CONGENITA;429.3;Q22.3;93075009
179411;VALVULA PULMONAR AGRANDADA CONGENITA;429.3;Q22.3;93075009
179411;VALVULA PULMONAR AGRANDADA CONGENITA;429.3;Q22.3;93075009
179412;PARED VENTRICULAR AGRANDADA CONGENITA;429.3;I51.7;93078006
179412;PARED VENTRICULAR AGRANDADA CONGENITA;429.3;I51.7;93078006
179412;PARED VENTRICULAR AGRANDADA CONGENITA;429.3;I51.7;93078006
179412;PARED VENTRICULAR AGRANDADA CONGENITA;429.3;I51.7;93078006
179412;PARED VENTRICULAR AGRANDADA CONGENITA;429.3;I51.7;93078006
179412;PARED VENTRICULAR AGRANDADA CONGENITA;429.3;I51.7;93078006
179412;PARED VENTRICULAR AGRANDADA CONGENITA;429.3;I51.7;93078006
179412;PARED VENTRICULAR AGRANDADA CONGENITA;429.3;I51.7;93078006
179412;PARED VENTRICULAR AGRANDADA CONGENITA;429.3;I51.7;93078006
179412;PARED VENTRICULAR AGRANDADA CONGENITA;429.3;I51.7;93078006
179412;PARED VENTRICULAR AGRANDADA CONGENITA;429.3;I51.7;93078006
182824;EXTRASISTOLE;427.89;I49.40;29320008
183087;CARACTER DEL PULSO - HALLAZGO;427.89;I49.8;366200009
183604;ECG: MUESTRA HIPERTROFIA DE VENTRICULO IZQUIERDO;429.3;I51.7;164875008
183604;ECG: MUESTRA HIPERTROFIA DE VENTRICULO IZQUIERDO;429.3;I51.7;164875008
183604;ECG: MUESTRA HIPERTROFIA DE VENTRICULO IZQUIERDO;429.3;I51.7;164875008
183604;ECG: MUESTRA HIPERTROFIA DE VENTRICULO IZQUIERDO;429.3;I51.7;164875008
183604;ECG: MUESTRA HIPERTROFIA DE VENTRICULO IZQUIERDO;429.3;I51.7;164875008
183604;ECG: MUESTRA HIPERTROFIA DE VENTRICULO IZQUIERDO;429.3;I51.7;164875008
183604;ECG: MUESTRA HIPERTROFIA DE VENTRICULO IZQUIERDO;429.3;I51.7;164875008
183604;ECG: MUESTRA HIPERTROFIA DE VENTRICULO IZQUIERDO;429.3;I51.7;164875008
183604;ECG: MUESTRA HIPERTROFIA DE VENTRICULO IZQUIERDO;429.3;I51.7;164875008
183604;ECG: MUESTRA HIPERTROFIA DE VENTRICULO IZQUIERDO;429.3;I51.7;164875008
183604;ECG: MUESTRA HIPERTROFIA DE VENTRICULO IZQUIERDO;429.3;I51.7;164875008
185600;AGRANDAMIENTO DE AURICULA DERECHA;429.3;I51.7;67751000119106
185600;AGRANDAMIENTO DE AURICULA DERECHA;429.3;I51.7;67751000119106
185600;AGRANDAMIENTO DE AURICULA DERECHA;429.3;I51.7;67751000119106
185600;AGRANDAMIENTO DE AURICULA DERECHA;429.3;I51.7;67751000119106
185600;AGRANDAMIENTO DE AURICULA DERECHA;429.3;I51.7;67751000119106
185600;AGRANDAMIENTO DE AURICULA DERECHA;429.3;I51.7;67751000119106
185600;AGRANDAMIENTO DE AURICULA DERECHA;429.3;I51.7;67751000119106
185600;AGRANDAMIENTO DE AURICULA DERECHA;429.3;I51.7;67751000119106
185600;AGRANDAMIENTO DE AURICULA DERECHA;429.3;I51.7;67751000119106
185600;AGRANDAMIENTO DE AURICULA DERECHA;429.3;I51.7;67751000119106
185600;AGRANDAMIENTO DE AURICULA DERECHA;429.3;I51.7;67751000119106
186308;ECG: MUESTRA HVI;429.3;I51.7;164875008
186308;ECG: MUESTRA HVI;429.3;I51.7;164875008
186308;ECG: MUESTRA HVI;429.3;I51.7;164875008
186308;ECG: MUESTRA HVI;429.3;I51.7;164875008
186308;ECG: MUESTRA HVI;429.3;I51.7;164875008
186308;ECG: MUESTRA HVI;429.3;I51.7;164875008
186308;ECG: MUESTRA HVI;429.3;I51.7;164875008
186308;ECG: MUESTRA HVI;429.3;I51.7;164875008
186308;ECG: MUESTRA HVI;429.3;I51.7;164875008
186308;ECG: MUESTRA HVI;429.3;I51.7;164875008
186308;ECG: MUESTRA HVI;429.3;I51.7;164875008
186447;PULSO BIFERO;427.89;I49.8;50234002
187055;TAQUICARDIA INCISIONAL DE LA AURICULA IZQUIERDA;427.89;I49.8;420002000
187328;HIPERTROFIA VENTRICULAR IZQUIERDA DE CAUSA HIPERTENSIVA;402.90;I11.9;428163005
187328;HIPERTROFIA VENTRICULAR IZQUIERDA DE CAUSA HIPERTENSIVA;402.90;I11.9;428163005
187328;HIPERTROFIA VENTRICULAR IZQUIERDA DE CAUSA HIPERTENSIVA;402.90;I11.9;428163005
187461;TAQUICARDIA POR REENTRADA EN EL NODULO AV;427.89;I49.8;251166008
187769;ECG CON SIGNOS DE HAI;429.3;I51.7;87469009
187769;ECG CON SIGNOS DE HAI;429.3;I51.7;87469009
187769;ECG CON SIGNOS DE HAI;429.3;I51.7;87469009
187769;ECG CON SIGNOS DE HAI;429.3;I51.7;87469009
187769;ECG CON SIGNOS DE HAI;429.3;I51.7;87469009
187769;ECG CON SIGNOS DE HAI;429.3;I51.7;87469009
187769;ECG CON SIGNOS DE HAI;429.3;I51.7;87469009
187769;ECG CON SIGNOS DE HAI;429.3;I51.7;87469009
187769;ECG CON SIGNOS DE HAI;429.3;I51.7;87469009
187769;ECG CON SIGNOS DE HAI;429.3;I51.7;87469009
187769;ECG CON SIGNOS DE HAI;429.3;I51.7;87469009
187785;HIPERTROFIA DEL VENTRICULO DERECHO;429.3;I51.7;89792004
187785;HIPERTROFIA DEL VENTRICULO DERECHO;429.3;I51.7;89792004
187785;HIPERTROFIA DEL VENTRICULO DERECHO;429.3;I51.7;89792004
187785;HIPERTROFIA DEL VENTRICULO DERECHO;429.3;I51.7;89792004
187785;HIPERTROFIA DEL VENTRICULO DERECHO;429.3;I51.7;89792004
187785;HIPERTROFIA DEL VENTRICULO DERECHO;429.3;I51.7;89792004
187785;HIPERTROFIA DEL VENTRICULO DERECHO;429.3;I51.7;89792004
187785;HIPERTROFIA DEL VENTRICULO DERECHO;429.3;I51.7;89792004
187785;HIPERTROFIA DEL VENTRICULO DERECHO;429.3;I51.7;89792004
187785;HIPERTROFIA DEL VENTRICULO DERECHO;429.3;I51.7;89792004
187785;HIPERTROFIA DEL VENTRICULO DERECHO;429.3;I51.7;89792004
187946;DILATACION CONGENITA DEL DUCTUS ARTERIOSO;429.3;Q25.0;93055000
187946;DILATACION CONGENITA DEL DUCTUS ARTERIOSO;429.3;Q25.0;93055000
187946;DILATACION CONGENITA DEL DUCTUS ARTERIOSO;429.3;Q25.0;93055000
187946;DILATACION CONGENITA DEL DUCTUS ARTERIOSO;429.3;Q25.0;93055000
187946;DILATACION CONGENITA DEL DUCTUS ARTERIOSO;429.3;Q25.0;93055000
187946;DILATACION CONGENITA DEL DUCTUS ARTERIOSO;429.3;Q25.0;93055000
187946;DILATACION CONGENITA DEL DUCTUS ARTERIOSO;429.3;Q25.0;93055000
187946;DILATACION CONGENITA DEL DUCTUS ARTERIOSO;429.3;Q25.0;93055000
187946;DILATACION CONGENITA DEL DUCTUS ARTERIOSO;429.3;Q25.0;93055000
187946;DILATACION CONGENITA DEL DUCTUS ARTERIOSO;429.3;Q25.0;93055000
187946;DILATACION CONGENITA DEL DUCTUS ARTERIOSO;429.3;Q25.0;93055000
187948;HIPERTROFIA CONGENITA DE VALVULA AURICULOVENTRICULAR DERECHA;429.3;Q24.9;93076005
187948;HIPERTROFIA CONGENITA DE VALVULA AURICULOVENTRICULAR DERECHA;429.3;Q24.9;93076005
187948;HIPERTROFIA CONGENITA DE VALVULA AURICULOVENTRICULAR DERECHA;429.3;Q24.9;93076005
187948;HIPERTROFIA CONGENITA DE VALVULA AURICULOVENTRICULAR DERECHA;429.3;Q24.9;93076005
187948;HIPERTROFIA CONGENITA DE VALVULA AURICULOVENTRICULAR DERECHA;429.3;Q24.9;93076005
187948;HIPERTROFIA CONGENITA DE VALVULA AURICULOVENTRICULAR DERECHA;429.3;Q24.9;93076005
187948;HIPERTROFIA CONGENITA DE VALVULA AURICULOVENTRICULAR DERECHA;429.3;Q24.9;93076005
187948;HIPERTROFIA CONGENITA DE VALVULA AURICULOVENTRICULAR DERECHA;429.3;Q24.9;93076005
187948;HIPERTROFIA CONGENITA DE VALVULA AURICULOVENTRICULAR DERECHA;429.3;Q24.9;93076005
187948;HIPERTROFIA CONGENITA DE VALVULA AURICULOVENTRICULAR DERECHA;429.3;Q24.9;93076005
187948;HIPERTROFIA CONGENITA DE VALVULA AURICULOVENTRICULAR DERECHA;429.3;Q24.9;93076005
187967;LATIDO DEL VERTICE DESPLAZADO - HIPERTROFIA VENTRICULAR IZQUIERDA;427.89;I49.8;274614000
188031;HIPERTROFIA CONGENITA DEL VENTRICULO CARDIACO;429.3;I51.7;93078006
188031;HIPERTROFIA CONGENITA DEL VENTRICULO CARDIACO;429.3;I51.7;93078006
188031;HIPERTROFIA CONGENITA DEL VENTRICULO CARDIACO;429.3;I51.7;93078006
188031;HIPERTROFIA CONGENITA DEL VENTRICULO CARDIACO;429.3;I51.7;93078006
188031;HIPERTROFIA CONGENITA DEL VENTRICULO CARDIACO;429.3;I51.7;93078006
188031;HIPERTROFIA CONGENITA DEL VENTRICULO CARDIACO;429.3;I51.7;93078006
188031;HIPERTROFIA CONGENITA DEL VENTRICULO CARDIACO;429.3;I51.7;93078006
188031;HIPERTROFIA CONGENITA DEL VENTRICULO CARDIACO;429.3;I51.7;93078006
188031;HIPERTROFIA CONGENITA DEL VENTRICULO CARDIACO;429.3;I51.7;93078006
188031;HIPERTROFIA CONGENITA DEL VENTRICULO CARDIACO;429.3;I51.7;93078006
188031;HIPERTROFIA CONGENITA DEL VENTRICULO CARDIACO;429.3;I51.7;93078006
188387;RITMO AURICULAR IZQUIERDO;427.89;I49.8;49760004
188396;PULSO FEMORAL ANORMAL;427.89;I49.8;50178004
189235;GALOPE POR SUMA;427.89;I49.8;128147000
193098;HALLAZGO DEL RITMO EL PULSO;427.89;I49.8;301147003
193242;TAQUICARDIA VENTRICULAR EN ENTORCHADO;427.89;I49.8;31722008
194062;SIGNOS ELECTROCARDIOGRAFICOS DE HIPERTROFIA VENTRICULAR;429.3;I51.7;83370008
194062;SIGNOS ELECTROCARDIOGRAFICOS DE HIPERTROFIA VENTRICULAR;429.3;I51.7;83370008
194062;SIGNOS ELECTROCARDIOGRAFICOS DE HIPERTROFIA VENTRICULAR;429.3;I51.7;83370008
194062;SIGNOS ELECTROCARDIOGRAFICOS DE HIPERTROFIA VENTRICULAR;429.3;I51.7;83370008
194062;SIGNOS ELECTROCARDIOGRAFICOS DE HIPERTROFIA VENTRICULAR;429.3;I51.7;83370008
194062;SIGNOS ELECTROCARDIOGRAFICOS DE HIPERTROFIA VENTRICULAR;429.3;I51.7;83370008
194062;SIGNOS ELECTROCARDIOGRAFICOS DE HIPERTROFIA VENTRICULAR;429.3;I51.7;83370008
194062;SIGNOS ELECTROCARDIOGRAFICOS DE HIPERTROFIA VENTRICULAR;429.3;I51.7;83370008
194062;SIGNOS ELECTROCARDIOGRAFICOS DE HIPERTROFIA VENTRICULAR;429.3;I51.7;83370008
194062;SIGNOS ELECTROCARDIOGRAFICOS DE HIPERTROFIA VENTRICULAR;429.3;I51.7;83370008
194062;SIGNOS ELECTROCARDIOGRAFICOS DE HIPERTROFIA VENTRICULAR;429.3;I51.7;83370008
195673;SIGNOS ELECTROCARDIOGRAFICOS DE HIPERTROFIA VENTRICULAR IZQUIERDA;429.3;I51.7;25488008
195673;SIGNOS ELECTROCARDIOGRAFICOS DE HIPERTROFIA VENTRICULAR IZQUIERDA;429.3;I51.7;25488008
195673;SIGNOS ELECTROCARDIOGRAFICOS DE HIPERTROFIA VENTRICULAR IZQUIERDA;429.3;I51.7;25488008
195673;SIGNOS ELECTROCARDIOGRAFICOS DE HIPERTROFIA VENTRICULAR IZQUIERDA;429.3;I51.7;25488008
195673;SIGNOS ELECTROCARDIOGRAFICOS DE HIPERTROFIA VENTRICULAR IZQUIERDA;429.3;I51.7;25488008
195673;SIGNOS ELECTROCARDIOGRAFICOS DE HIPERTROFIA VENTRICULAR IZQUIERDA;429.3;I51.7;25488008
195673;SIGNOS ELECTROCARDIOGRAFICOS DE HIPERTROFIA VENTRICULAR IZQUIERDA;429.3;I51.7;25488008
195673;SIGNOS ELECTROCARDIOGRAFICOS DE HIPERTROFIA VENTRICULAR IZQUIERDA;429.3;I51.7;25488008
195673;SIGNOS ELECTROCARDIOGRAFICOS DE HIPERTROFIA VENTRICULAR IZQUIERDA;429.3;I51.7;25488008
195673;SIGNOS ELECTROCARDIOGRAFICOS DE HIPERTROFIA VENTRICULAR IZQUIERDA;429.3;I51.7;25488008
195673;SIGNOS ELECTROCARDIOGRAFICOS DE HIPERTROFIA VENTRICULAR IZQUIERDA;429.3;I51.7;25488008
195990;PULSO BIGEMINAL;427.89;I49.8;195103000
